Data,Atraso(ms),Hop_count,Bottleneck,Vazao_BBR,is_imputed
2024-01-15 18:00:00,18.58,10.0,10.0,920530560.0,0
2024-01-16 00:00:00,18.58,10.0,10.0,915064201.9078432,1
2024-01-16 06:00:00,18.58,10.0,10.0,924167813.1055382,1
2024-01-16 12:00:00,26.38,10.0,10.0,923468255.0,0
2024-01-16 18:00:00,24.68,9.0,10.0,902652508.0,0
2024-01-17 00:00:00,27.34,9.0,10.0,906707112.0,0
2024-01-17 06:00:00,27.87,9.0,10.0,922191839.0,0
2024-01-17 12:00:00,22.06,9.0,10.0,820457388.0,0
2024-01-17 18:00:00,18.58,10.0,10.0,912593273.7809068,1
2024-01-18 00:00:00,18.58,10.0,10.0,912672620.3558723,1
2024-01-18 06:00:00,31.19,9.0,10.0,908853838.0,0
2024-01-18 12:00:00,24.99,9.0,10.0,909447247.0,0
2024-01-18 18:00:00,18.58,10.0,10.0,911865132.0072069,1
2024-01-19 00:00:00,18.58,10.0,10.0,912534258.7109466,1
2024-01-19 06:00:00,18.58,10.0,10.0,912436889.8795779,1
2024-01-19 12:00:00,18.58,10.0,10.0,912665117.9760653,1
2024-01-19 18:00:00,21.11,10.0,10.0,921744750.0,0
2024-01-20 00:00:00,18.58,10.0,10.0,912177296.9854242,1
2024-01-20 06:00:00,21.37,9.0,10.0,908688919.0,0
2024-01-20 12:00:00,18.58,10.0,10.0,911761594.3088624,1
2024-01-20 18:00:00,18.98,9.0,10.0,913748100.0,0
2024-01-21 00:00:00,18.58,10.0,10.0,912737977.770572,1
2024-01-21 06:00:00,19.8,9.0,10.0,898778529.0,0
2024-01-21 12:00:00,18.69,9.0,10.0,897528537.0,0
2024-01-21 18:00:00,27.36,11.0,20.0,910220174.0,0
2024-01-22 00:00:00,18.58,10.0,10.0,912788721.7162515,1
2024-01-22 06:00:00,18.58,10.0,10.0,912585562.4756026,1
2024-01-22 12:00:00,18.81,9.0,10.0,833618878.0,0
2024-01-22 18:00:00,17.95,9.0,10.0,864959048.0,0
2024-01-23 00:00:00,18.58,10.0,10.0,909655163.3154184,1
2024-01-23 06:00:00,18.58,10.0,10.0,913049409.121406,1
2024-01-23 12:00:00,16.26,9.0,10.0,860671395.0,0
2024-01-23 18:00:00,18.58,10.0,10.0,909948123.3031087,1
2024-01-24 00:00:00,18.58,10.0,10.0,911874765.1285075,1
2024-01-24 06:00:00,28.22,9.0,10.0,873753009.0,0
2024-01-24 12:00:00,18.58,10.0,10.0,910330478.8013841,1
2024-01-24 18:00:00,18.95,9.0,10.0,860672816.0,0
2024-01-25 00:00:00,26.9,9.0,10.0,889671380.0,0
2024-01-25 06:00:00,18.58,10.0,10.0,911099085.061301,1
2024-01-25 12:00:00,19.14,9.0,10.0,854958066.0,0
2024-01-25 18:00:00,18.58,10.0,10.0,910833365.2805446,1
2024-01-26 00:00:00,16.79,9.0,10.0,895698545.0,0
2024-01-26 06:00:00,15.88,9.0,10.0,864866565.0,0
2024-01-26 12:00:00,28.22,9.0,10.0,847984810.0,0
2024-01-26 18:00:00,25.74,9.0,10.0,867661007.0,0
2024-01-27 00:00:00,18.58,10.0,10.0,912634780.2323987,1
2024-01-27 06:00:00,25.94,9.0,10.0,896241917.0,0
2024-01-27 12:00:00,18.58,10.0,10.0,911233196.5996366,1
2024-01-27 18:00:00,28.26,9.0,10.0,878719578.0,0
2024-01-28 00:00:00,18.58,10.0,10.0,911580850.0395716,1
2024-01-28 06:00:00,18.58,10.0,10.0,912244173.8040357,1
2024-01-28 12:00:00,18.58,10.0,10.0,912181152.3847742,1
2024-01-28 18:00:00,26.28,9.0,10.0,860223579.0,0
2024-01-29 00:00:00,18.58,10.0,10.0,909296037.8317436,1
2024-01-29 06:00:00,29.67,11.0,20.0,847359095.0,0
2024-01-29 12:00:00,27.55,9.0,10.0,837238270.0,0
2024-01-29 18:00:00,18.58,10.0,10.0,908709711.8833694,1
2024-01-30 00:00:00,18.58,10.0,10.0,912066632.6573466,1
2024-01-30 06:00:00,18.58,10.0,10.0,910282613.4086405,1
2024-01-30 12:00:00,28.53,11.0,20.0,836818921.0,0
2024-01-30 18:00:00,26.21,11.0,20.0,904136147.0,0
2024-01-31 00:00:00,23.95,10.5,10.0,926314076.0,0
2024-01-31 06:00:00,20.97,9.0,10.0,919759404.0,0
2024-01-31 12:00:00,24.97,9.0,10.0,908858292.0,0
2024-01-31 18:00:00,28.05,9.0,10.0,908066952.0,0
2024-02-01 00:00:00,18.58,10.0,10.0,911751006.428703,1
2024-02-01 06:00:00,18.58,10.0,10.0,911849250.0435585,1
2024-02-01 12:00:00,18.58,10.0,10.0,911487149.066795,1
2024-02-01 18:00:00,27.23,9.0,10.0,915189661.5,0
2024-02-02 00:00:00,18.58,10.0,10.0,911653156.6625544,1
2024-02-02 06:00:00,22.16,9.0,10.0,892902519.0,0
2024-02-02 12:00:00,21.01,9.0,10.0,905814582.0,0
2024-02-02 18:00:00,23.2,9.0,10.0,921074546.0,0
2024-02-03 00:00:00,18.58,10.0,10.0,912147414.0786533,1
2024-02-03 06:00:00,20.55,9.0,10.0,907174356.5,0
2024-02-03 12:00:00,27.05,9.0,10.0,912053411.0,0
2024-02-03 18:00:00,20.2,9.0,10.0,918408980.5,0
2024-02-04 00:00:00,18.58,10.0,10.0,912372770.9691185,1
2024-02-04 06:00:00,18.58,10.0,10.0,912274523.7692128,1
2024-02-04 12:00:00,22.31,10.0,10.0,907542936.0,0
2024-02-04 18:00:00,22.44,9.0,10.0,911527162.0,0
2024-02-05 00:00:00,18.58,10.0,10.0,912298632.6463755,1
2024-02-05 06:00:00,18.34,9.0,10.0,922285996.0,0
2024-02-05 12:00:00,31.91,9.0,10.0,901883090.0,0
2024-02-05 18:00:00,25.13,9.0,10.0,907018648.0,0
2024-02-06 00:00:00,18.58,10.0,10.0,911672297.9053863,1
2024-02-06 06:00:00,18.58,10.0,10.0,912245438.3250742,1
2024-02-06 12:00:00,28.53,9.0,10.0,919813120.0,0
2024-02-06 18:00:00,27.06,9.0,10.0,905972752.5,0
2024-02-07 00:00:00,18.58,10.0,10.0,911450137.8729572,1
2024-02-07 06:00:00,26.25,9.0,10.0,906589043.0,0
2024-02-07 12:00:00,18.58,10.0,10.0,912021128.4651117,1
2024-02-07 18:00:00,17.9,9.0,10.0,909407925.5,0
2024-02-08 00:00:00,18.58,10.0,10.0,912536245.1876779,1
2024-02-08 06:00:00,31.39,9.0,10.0,892340853.0,0
2024-02-08 12:00:00,19.78,10.0,10.0,907750200.0,0
2024-02-08 18:00:00,18.96,9.0,10.0,915041584.0,0
2024-02-09 00:00:00,19.81,9.0,10.0,905969917.0,0
2024-02-09 06:00:00,18.58,10.0,10.0,912263537.7326238,1
2024-02-09 12:00:00,18.58,10.0,10.0,912124059.4322495,1
2024-02-09 18:00:00,28.31,9.0,10.0,914046951.0,0
2024-02-10 00:00:00,18.58,10.0,10.0,913383271.166026,1
2024-02-10 06:00:00,27.84,9.0,10.0,884588886.0,0
2024-02-10 12:00:00,25.89,10.0,10.0,918124890.0,0
2024-02-10 18:00:00,18.51,9.0,10.0,908221150.0,0
2024-02-11 00:00:00,18.58,10.0,10.0,912249714.802508,1
2024-02-11 06:00:00,18.58,10.0,10.0,912504413.0844505,1
2024-02-11 12:00:00,22.14,9.0,10.0,914831228.0,0
2024-02-11 18:00:00,16.32,9.0,10.0,910603429.0,0
2024-02-12 00:00:00,18.58,10.0,10.0,912215604.7703986,1
2024-02-12 06:00:00,18.58,8.5,10.0,925266099.0,0
2024-02-12 12:00:00,18.58,9.0,10.0,909174912.0,0
2024-02-12 18:00:00,27.27,9.0,10.0,921386587.5,0
2024-02-13 00:00:00,18.58,10.0,10.0,911657841.1583287,1
2024-02-13 06:00:00,18.58,10.0,10.0,911877210.4598825,1
2024-02-13 12:00:00,24.21,9.0,10.0,822819150.0,0
2024-02-13 18:00:00,27.35,9.0,10.0,906969051.0,0
2024-02-14 00:00:00,18.58,10.0,10.0,911181372.9758974,1
2024-02-14 06:00:00,17.92,9.0,10.0,910288529.0,0
2024-02-14 12:00:00,20.22,9.0,10.0,901156988.33,0
2024-02-14 18:00:00,17.21,9.0,10.0,910218399.0,0
2024-02-15 00:00:00,17.29,9.0,10.0,914150522.0,0
2024-02-15 06:00:00,16.38,9.0,10.0,910007955.0,0
2024-02-15 12:00:00,17.9,9.0,10.0,920342333.0,0
2024-02-15 18:00:00,25.97,9.0,10.0,907883065.5,0
2024-02-16 00:00:00,18.58,10.0,10.0,911911563.9250897,1
2024-02-16 06:00:00,26.55,9.0,10.0,909694928.0,0
2024-02-16 12:00:00,32.59,11.0,20.0,908648893.0,0
2024-02-16 18:00:00,26.2,9.0,10.0,907936307.5,0
2024-02-17 00:00:00,27.6,9.0,10.0,900939156.0,0
2024-02-17 06:00:00,28.0,9.0,10.0,910322665.0,0
2024-02-17 12:00:00,18.58,10.0,10.0,912329839.8309005,1
2024-02-17 18:00:00,18.58,10.0,10.0,912631358.4923805,1
2024-02-18 00:00:00,39.87,12.0,100.0,904191831.0,0
2024-02-18 06:00:00,40.52,12.0,100.0,923969281.0,0
2024-02-18 12:00:00,39.07,12.0,100.0,907770469.0,0
2024-02-18 18:00:00,18.58,10.0,10.0,911832641.6857034,1
2024-02-19 00:00:00,39.02,12.0,100.0,922432445.0,0
2024-02-19 06:00:00,38.93,12.0,100.0,910033053.5,0
2024-02-19 12:00:00,27.5,9.0,10.0,870739164.0,0
2024-02-19 18:00:00,62.44,9.0,10.0,899361459.5,0
2024-02-20 00:00:00,18.58,10.0,10.0,911738432.9578235,1
2024-02-20 06:00:00,26.46,9.0,10.0,908596282.0,0
2024-02-20 12:00:00,18.58,10.0,10.0,911616447.7651048,1
2024-02-20 18:00:00,31.06,11.0,20.0,899835809.0,0
2024-02-21 00:00:00,18.58,10.0,10.0,911964227.7943666,1
2024-02-21 06:00:00,28.52,9.0,10.0,920492947.0,0
2024-02-21 12:00:00,16.9,9.0,10.0,894765781.0,0
2024-02-21 18:00:00,17.9,9.0,10.0,907274804.0,0
2024-02-22 00:00:00,23.14,9.0,10.0,918612467.0,0
2024-02-22 06:00:00,18.58,10.0,10.0,911932823.0601858,1
2024-02-22 12:00:00,29.27,9.0,10.0,915357073.0,0
2024-02-22 18:00:00,20.22,9.0,10.0,922782866.0,0
2024-02-23 00:00:00,18.58,10.0,10.0,912591544.9752781,1
2024-02-23 06:00:00,23.75,9.0,10.0,899125247.0,0
2024-02-23 12:00:00,27.61,9.0,10.0,921799843.0,0
2024-02-23 18:00:00,24.92,9.0,10.0,923376902.0,0
2024-02-24 00:00:00,18.58,10.0,10.0,912210398.9575487,1
2024-02-24 06:00:00,18.58,10.0,10.0,911578476.7605001,1
2024-02-24 12:00:00,19.61,9.0,10.0,923535897.0,0
2024-02-24 18:00:00,20.99,9.0,10.0,919528898.5,0
2024-02-25 00:00:00,26.61,9.0,10.0,912681873.0,0
2024-02-25 06:00:00,18.58,10.0,10.0,911996881.6608783,1
2024-02-25 12:00:00,23.5,9.0,10.0,909958256.0,0
2024-02-25 18:00:00,25.93,9.0,10.0,925574610.0,0
2024-02-26 00:00:00,18.58,10.0,10.0,910815881.2107805,1
2024-02-26 06:00:00,22.06,9.0,10.0,869450613.0,0
2024-02-26 12:00:00,32.67,9.0,10.0,910345515.0,0
2024-02-26 18:00:00,32.52,9.0,10.0,880880393.0,0
2024-02-27 00:00:00,18.58,10.0,10.0,912022787.5045677,1
2024-02-27 06:00:00,30.23,9.0,10.0,908431637.0,0
2024-02-27 12:00:00,29.64,10.0,10.0,917132412.0,0
2024-02-27 18:00:00,31.31,9.0,10.0,910575891.0,0
2024-02-28 00:00:00,18.58,10.0,10.0,911912395.6533755,1
2024-02-28 06:00:00,18.58,10.0,10.0,912101155.4867817,1
2024-02-28 12:00:00,17.24,9.0,10.0,878041840.0,0
2024-02-28 18:00:00,17.74,9.0,10.0,915976109.5,0
2024-02-29 00:00:00,18.58,10.0,10.0,911907551.4753875,1
2024-02-29 06:00:00,18.58,10.0,10.0,911575715.9525671,1
2024-02-29 12:00:00,18.58,10.0,10.0,912163807.1210314,1
2024-02-29 18:00:00,18.34,9.0,10.0,907148134.0,0
2024-03-01 00:00:00,20.78,9.0,10.0,908790620.0,0
2024-03-01 06:00:00,18.58,10.0,10.0,912802469.792246,1
2024-03-01 12:00:00,18.58,10.0,10.0,912799484.7990992,1
2024-03-01 18:00:00,18.58,10.0,10.0,913187083.9590425,1
2024-03-02 00:00:00,18.58,10.0,10.0,913139524.1648481,1
2024-03-02 06:00:00,18.58,10.0,10.0,912834267.211927,1
2024-03-02 12:00:00,18.58,10.0,10.0,913102930.6055882,1
2024-03-02 18:00:00,26.68,11.0,20.0,902199842.0,0
2024-03-03 00:00:00,18.58,10.0,10.0,912407595.0374583,1
2024-03-03 06:00:00,26.15,11.0,20.0,899325969.5,0
2024-03-03 12:00:00,23.68,11.0,20.0,900205331.0,0
2024-03-03 18:00:00,19.27,9.0,10.0,913472006.0,0
2024-03-04 00:00:00,18.58,10.0,10.0,912567878.715212,1
2024-03-04 06:00:00,35.1,11.0,20.0,909191908.0,0
2024-03-04 12:00:00,32.93,11.0,20.0,890925538.0,0
2024-03-04 18:00:00,30.57,10.5,20.0,902823870.0,0
2024-03-05 00:00:00,18.58,10.0,10.0,912435785.2827684,1
2024-03-05 06:00:00,18.58,10.0,10.0,912386728.1293386,1
2024-03-05 12:00:00,18.58,10.0,10.0,912629201.6862888,1
2024-03-05 18:00:00,38.03,10.0,10.0,900990955.0,0
2024-03-06 00:00:00,18.58,10.0,10.0,912318512.1169866,1
2024-03-06 06:00:00,18.58,10.0,10.0,912496790.0659606,1
2024-03-06 12:00:00,21.81,9.0,10.0,904814312.0,0
2024-03-06 18:00:00,30.9,10.0,20.0,919269450.0,0
2024-03-07 00:00:00,34.04,11.0,6.0,912265453.0,0
2024-03-07 06:00:00,18.58,10.0,10.0,912012114.6465621,1
2024-03-07 12:00:00,16.76,9.0,10.0,894340111.0,0
2024-03-07 18:00:00,21.32,9.0,10.0,905236339.0,0
2024-03-08 00:00:00,18.58,10.0,10.0,912639354.8668884,1
2024-03-08 06:00:00,29.67,9.0,10.0,910742642.0,0
2024-03-08 12:00:00,30.24,9.0,10.0,637117262.0,0
2024-03-08 18:00:00,41.5,9.0,10.0,924331298.0,0
2024-03-09 00:00:00,17.51,9.0,10.0,923643064.0,0
2024-03-09 06:00:00,18.58,10.0,10.0,910178054.7383742,1
2024-03-09 12:00:00,17.46,9.0,10.0,913050336.0,0
2024-03-09 18:00:00,27.95,9.0,10.0,914571898.0,0
2024-03-10 00:00:00,18.58,10.0,10.0,913084437.6367292,1
2024-03-10 06:00:00,32.68,10.0,20.0,904021044.5,0
2024-03-10 12:00:00,28.98,9.0,10.0,824025180.0,0
2024-03-10 18:00:00,29.35,9.0,10.0,909798012.0,0
2024-03-11 00:00:00,18.58,10.0,10.0,910899063.1948307,1
2024-03-11 06:00:00,26.2,9.0,10.0,913606544.0,0
2024-03-11 12:00:00,18.58,10.0,10.0,911363659.8654976,1
2024-03-11 18:00:00,30.88,9.0,10.0,902953928.5,0
2024-03-12 00:00:00,18.58,10.0,10.0,911590196.4351354,1
2024-03-12 06:00:00,26.8,9.0,10.0,909247663.0,0
2024-03-12 12:00:00,18.58,10.0,10.0,911608095.7554557,1
2024-03-12 18:00:00,25.47,9.0,10.0,906421263.0,0
2024-03-13 00:00:00,18.58,10.0,10.0,911457328.4679686,1
2024-03-13 06:00:00,30.9,10.0,20.0,906634819.0,0
2024-03-13 12:00:00,18.58,10.0,10.0,911636112.6276108,1
2024-03-13 18:00:00,27.33,10.0,20.0,887921584.0,0
2024-03-14 00:00:00,18.58,10.0,10.0,910914359.2939446,1
2024-03-14 06:00:00,31.06,10.0,20.0,907072392.0,0
2024-03-14 12:00:00,84.46,11.0,6.0,899573530.0,0
2024-03-14 18:00:00,22.51,11.0,20.0,921026814.0,0
2024-03-15 00:00:00,18.58,10.0,10.0,911804029.38298,1
2024-03-15 06:00:00,21.31,11.0,20.0,923430277.5,0
2024-03-15 12:00:00,18.58,10.0,10.0,911554620.5415442,1
2024-03-15 18:00:00,19.5,10.0,20.0,920460288.0,0
2024-03-16 00:00:00,18.58,10.0,10.0,911495886.615582,1
2024-03-16 06:00:00,17.52,10.0,20.0,899891343.0,0
2024-03-16 12:00:00,24.98,10.0,20.0,911738062.0,0
2024-03-16 18:00:00,25.84,10.0,20.0,906811698.0,0
2024-03-17 00:00:00,18.58,10.0,10.0,911884116.778505,1
2024-03-17 06:00:00,23.23,9.0,10.0,909076892.0,0
2024-03-17 12:00:00,19.69,9.0,10.0,907305598.0,0
2024-03-17 18:00:00,22.68,9.0,10.0,877294139.0,0
2024-03-18 00:00:00,22.28,9.0,10.0,906341242.0,0
2024-03-18 06:00:00,18.58,10.0,10.0,911713264.8348442,1
2024-03-18 12:00:00,26.88,9.0,10.0,903245940.0,0
2024-03-18 18:00:00,16.29,9.0,10.0,906133095.5,0
2024-03-19 00:00:00,18.58,10.0,10.0,911526705.5476986,1
2024-03-19 06:00:00,18.58,10.0,10.0,911852236.9191781,1
2024-03-19 12:00:00,18.58,10.0,10.0,911676753.477784,1
2024-03-19 18:00:00,25.27,9.0,10.0,908968601.5,0
2024-03-20 00:00:00,18.58,10.0,10.0,911747464.5351623,1
2024-03-20 06:00:00,26.89,9.0,10.0,836775739.0,0
2024-03-20 12:00:00,26.6,9.0,10.0,921120942.0,0
2024-03-20 18:00:00,20.74,9.0,10.0,906375997.0,0
2024-03-21 00:00:00,24.19,9.0,10.0,908232185.0,0
2024-03-21 06:00:00,18.58,10.0,10.0,910911428.047455,1
2024-03-21 12:00:00,18.58,10.0,10.0,911461477.1486633,1
2024-03-21 18:00:00,16.83,9.0,10.0,908813816.0,0
2024-03-22 00:00:00,26.73,9.0,10.0,923741225.0,0
2024-03-22 06:00:00,25.52,9.0,10.0,902795609.0,0
2024-03-22 12:00:00,21.81,9.0,10.0,906051190.0,0
2024-03-22 18:00:00,17.41,9.0,10.0,914076899.0,0
2024-03-23 00:00:00,18.58,10.0,10.0,911945475.4136748,1
2024-03-23 06:00:00,16.22,9.0,10.0,919069965.5,0
2024-03-23 12:00:00,33.09,9.0,10.0,892537545.0,0
2024-03-23 18:00:00,22.4,8.0,10.0,907125456.0,0
2024-03-24 00:00:00,16.52,9.0,10.0,921121633.0,0
2024-03-24 06:00:00,17.02,9.0,10.0,885769783.0,0
2024-03-24 12:00:00,13.85,9.0,10.0,851470442.5,0
2024-03-24 18:00:00,18.58,10.0,10.0,909404649.6902857,1
2024-03-25 00:00:00,18.58,10.0,10.0,911649465.3358072,1
2024-03-25 06:00:00,20.8,9.0,10.0,909169775.0,0
2024-03-25 12:00:00,18.58,10.0,10.0,911018156.8808701,1
2024-03-25 18:00:00,18.58,10.0,10.0,911237462.8234503,1
2024-03-26 00:00:00,18.58,10.0,10.0,911963307.3801332,1
2024-03-26 06:00:00,18.58,10.0,10.0,911730695.8235688,1
2024-03-26 12:00:00,18.58,10.0,10.0,911898796.9439888,1
2024-03-26 18:00:00,18.58,10.0,10.0,902546141.0,0
2024-03-27 00:00:00,25.66,9.0,10.0,915198139.0,0
2024-03-27 06:00:00,18.58,10.0,10.0,911339095.3686086,1
2024-03-27 12:00:00,25.92,9.0,10.0,903566217.0,0
2024-03-27 18:00:00,38.45,9.0,10.0,907389687.0,0
2024-03-28 00:00:00,18.58,10.0,10.0,911880956.9548534,1
2024-03-28 06:00:00,36.68,9.0,10.0,827486092.0,0
2024-03-28 12:00:00,18.58,10.0,10.0,908928408.2203007,1
2024-03-28 18:00:00,16.39,9.0,10.0,911475599.0,0
2024-03-29 00:00:00,26.86,9.0,10.0,865564067.0,0
2024-03-29 06:00:00,23.31,9.0,10.0,910532517.0,0
2024-03-29 12:00:00,18.58,10.0,10.0,911160535.2031885,1
2024-03-29 18:00:00,26.83,9.0,10.0,911793330.5,0
2024-03-30 00:00:00,18.58,10.0,10.0,912128280.9935583,1
2024-03-30 06:00:00,26.48,9.0,10.0,901692141.0,0
2024-03-30 12:00:00,18.58,10.0,10.0,911879467.1516736,1
2024-03-30 18:00:00,23.37,10.0,20.0,909377717.0,0
2024-03-31 00:00:00,18.58,10.0,10.0,912050517.5731282,1
2024-03-31 06:00:00,18.58,10.0,10.0,911977692.0083895,1
2024-03-31 12:00:00,18.58,10.0,10.0,912195716.9994879,1
2024-03-31 18:00:00,18.58,9.0,10.0,918029968.5,0
2024-04-01 00:00:00,18.95,9.0,10.0,905451533.0,0
2024-04-01 06:00:00,18.58,10.0,10.0,910996647.7966686,1
2024-04-01 12:00:00,25.65,9.0,10.0,898340661.0,0
2024-04-01 18:00:00,19.0,9.0,10.0,921017374.0,0
2024-04-02 00:00:00,18.58,10.0,10.0,911718609.9870999,1
2024-04-02 06:00:00,18.58,10.0,10.0,910867248.7632347,1
2024-04-02 12:00:00,16.73,9.0,10.0,912624334.0,0
2024-04-02 18:00:00,21.23,12.0,10.0,919787851.0,0
2024-04-03 00:00:00,18.58,10.0,10.0,911969293.6738262,1
2024-04-03 06:00:00,23.57,12.0,10.0,915249358.5,0
2024-04-03 12:00:00,24.66,12.0,20.0,909483894.0,0
2024-04-03 18:00:00,16.6,9.0,10.0,898661010.5,0
2024-04-04 00:00:00,18.58,10.0,10.0,911392022.1593257,1
2024-04-04 06:00:00,18.58,10.0,10.0,912122630.3712182,1
2024-04-04 12:00:00,18.58,9.0,10.0,902351203.0,0
2024-04-04 18:00:00,18.58,9.0,10.0,918790487.0,0
2024-04-05 00:00:00,18.58,9.0,10.0,914939014.0,0
2024-04-05 06:00:00,18.58,10.0,10.0,911516903.0432743,1
2024-04-05 12:00:00,18.58,9.0,10.0,905509485.0,0
2024-04-05 18:00:00,18.58,10.0,20.0,920060314.0,0
2024-04-06 00:00:00,18.58,10.0,10.0,912161523.437904,1
2024-04-06 06:00:00,26.7,9.0,10.0,916978611.0,0
2024-04-06 12:00:00,18.58,10.0,10.0,911812716.4273655,1
2024-04-06 18:00:00,11.12,9.0,10.0,911505098.0,0
2024-04-07 00:00:00,18.58,10.0,10.0,912214227.8827264,1
2024-04-07 06:00:00,25.85,9.0,10.0,907177522.0,0
2024-04-07 12:00:00,25.15,9.0,10.0,908341279.0,0
2024-04-07 18:00:00,13.16,9.0,10.0,907147078.0,0
2024-04-08 00:00:00,18.58,10.0,10.0,912005596.5458151,1
2024-04-08 06:00:00,15.0,9.0,10.0,915281650.5,0
2024-04-08 12:00:00,25.72,9.0,10.0,911240944.5,0
2024-04-08 18:00:00,18.58,10.0,10.0,911719937.50291,1
2024-04-09 00:00:00,18.58,10.0,10.0,911843819.8519213,1
2024-04-09 06:00:00,18.58,10.0,10.0,912017119.0697708,1
2024-04-09 12:00:00,18.58,11.0,20.0,907965926.0,0
2024-04-09 18:00:00,18.58,9.0,10.0,912800275.0,0
2024-04-10 00:00:00,22.77,9.0,10.0,920112346.0,0
2024-04-10 06:00:00,46.86,13.0,20.0,909872389.0,0
2024-04-10 12:00:00,18.58,10.0,10.0,911383787.9259082,1
2024-04-10 18:00:00,16.88,9.0,10.0,915320857.0,0
2024-04-11 00:00:00,18.58,10.0,10.0,912286716.9120587,1
2024-04-11 06:00:00,22.4,9.0,10.0,909182458.0,0
2024-04-11 12:00:00,22.35,9.0,10.0,910083584.33,0
2024-04-11 18:00:00,18.58,10.0,10.0,911869419.505442,1
2024-04-12 00:00:00,32.22,11.0,10.0,906023429.5,0
2024-04-12 06:00:00,18.58,10.0,10.0,911772325.3400984,1
2024-04-12 12:00:00,18.58,10.0,10.0,912071600.1260171,1
2024-04-12 18:00:00,16.08,11.0,10.0,899614713.0,0
2024-04-13 00:00:00,18.58,10.0,10.0,911830309.1171378,1
2024-04-13 06:00:00,53.78,12.0,100.0,913418526.0,0
2024-04-13 12:00:00,57.5,11.0,10.0,922018835.0,0
2024-04-13 18:00:00,18.58,10.0,10.0,912037185.8129396,1
2024-04-14 00:00:00,18.58,10.0,10.0,911730558.6395243,1
2024-04-14 06:00:00,57.33,11.0,10.0,846975152.0,0
2024-04-14 12:00:00,51.95,12.0,100.0,924953005.0,0
2024-04-14 18:00:00,18.58,10.0,10.0,910436627.4490199,1
2024-04-15 00:00:00,56.31,12.0,100.0,903778047.0,0
2024-04-15 06:00:00,18.58,10.0,10.0,910436057.6215551,1
2024-04-15 12:00:00,31.85,12.0,100.0,900152812.0,0
2024-04-15 18:00:00,18.19,13.0,100.0,917507396.5,0
2024-04-16 00:00:00,59.61,12.0,100.0,917919085.0,0
2024-04-16 06:00:00,30.59,12.0,100.0,909849395.0,0
2024-04-16 12:00:00,59.41,12.0,100.0,904399648.0,0
2024-04-16 18:00:00,22.84,9.0,10.0,902882007.0,0
2024-04-17 00:00:00,18.58,10.0,10.0,912338155.3311508,1
2024-04-17 06:00:00,24.13,9.0,10.0,902513353.5,0
2024-04-17 12:00:00,22.17,9.0,10.0,911108415.0,0
2024-04-17 18:00:00,18.58,10.0,10.0,911418433.3297501,1
2024-04-18 00:00:00,18.58,10.0,10.0,911903907.2818382,1
2024-04-18 06:00:00,18.58,10.0,10.0,911984826.539325,1
2024-04-18 12:00:00,18.58,10.0,10.0,912146192.322791,1
2024-04-18 18:00:00,18.58,10.0,10.0,912131763.5489087,1
2024-04-19 00:00:00,18.58,10.0,10.0,912371996.7907802,1
2024-04-19 06:00:00,22.83,9.0,10.0,912840529.0,0
2024-04-19 12:00:00,26.07,9.0,10.0,910070395.0,0
2024-04-19 18:00:00,17.31,9.0,10.0,924620305.0,0
2024-04-20 00:00:00,16.78,9.0,10.0,911739840.0,0
2024-04-20 06:00:00,17.09,9.0,10.0,913013794.0,0
2024-04-20 12:00:00,18.58,10.0,10.0,911625695.8321933,1
2024-04-20 18:00:00,16.55,9.0,10.0,908171272.0,0
2024-04-21 00:00:00,16.88,9.0,10.0,923898373.0,0
2024-04-21 06:00:00,13.4,9.0,10.0,909999232.0,0
2024-04-21 12:00:00,18.41,9.0,10.0,907019419.0,0
2024-04-21 18:00:00,18.58,10.0,10.0,911255111.1046321,1
2024-04-22 00:00:00,18.58,10.0,10.0,911643483.1602495,1
2024-04-22 06:00:00,24.04,9.0,10.0,847092545.0,0
2024-04-22 12:00:00,18.58,10.0,10.0,909034176.7862189,1
2024-04-22 18:00:00,18.58,10.0,10.0,910788872.103972,1
2024-04-23 00:00:00,18.58,10.0,10.0,911298579.4568034,1
2024-04-23 06:00:00,15.98,9.0,10.0,896306002.5,0
2024-04-23 12:00:00,18.58,10.0,10.0,910956000.8616432,1
2024-04-23 18:00:00,20.51,11.0,20.0,914543817.0,0
2024-04-24 00:00:00,18.58,10.0,10.0,911920979.9915733,1
2024-04-24 06:00:00,18.58,10.0,10.0,911786595.933368,1
2024-04-24 12:00:00,18.58,10.0,10.0,911832836.6066273,1
2024-04-24 18:00:00,18.58,10.0,10.0,912514425.712013,1
2024-04-25 00:00:00,18.58,10.0,10.0,912274047.1404701,1
2024-04-25 06:00:00,26.32,9.0,10.0,901803646.5,0
2024-04-25 12:00:00,23.88,9.0,10.0,912471245.0,0
2024-04-25 18:00:00,18.58,10.0,10.0,912022968.0916579,1
2024-04-26 00:00:00,18.58,10.0,10.0,912208178.5848486,1
2024-04-26 06:00:00,18.58,10.0,10.0,912148290.6805968,1
2024-04-26 12:00:00,18.58,10.0,10.0,912297137.8054569,1
2024-04-26 18:00:00,24.0,9.0,10.0,922889503.0,0
2024-04-27 00:00:00,18.58,10.0,10.0,912219224.659679,1
2024-04-27 06:00:00,23.9,9.0,10.0,913415032.5,0
2024-04-27 12:00:00,18.58,10.0,10.0,911872841.3902693,1
2024-04-27 18:00:00,23.41,9.0,10.0,914672753.0,0
2024-04-28 00:00:00,18.58,10.0,10.0,912387224.5956255,1
2024-04-28 06:00:00,24.3,9.0,10.0,880271374.0,0
2024-04-28 12:00:00,18.58,10.0,10.0,910958150.1007301,1
2024-04-28 18:00:00,35.29,11.0,20.0,906782872.5,0
2024-04-29 00:00:00,18.58,10.0,10.0,911645290.1946473,1
2024-04-29 06:00:00,28.35,12.0,10.0,808087841.0,0
2024-04-29 12:00:00,18.58,10.0,10.0,908631536.5933052,1
2024-04-29 18:00:00,26.3,12.0,10.0,910193510.0,0
2024-04-30 00:00:00,18.58,10.0,10.0,911615862.377236,1
2024-04-30 06:00:00,18.58,10.0,10.0,911731783.7170453,1
2024-04-30 12:00:00,18.58,10.0,10.0,911704777.4019423,1
2024-04-30 18:00:00,18.58,10.0,10.0,912874423.4379402,1
2024-05-01 00:00:00,18.58,10.0,10.0,912622068.6991768,1
2024-05-01 06:00:00,18.58,10.0,10.0,912360050.5461342,1
2024-05-01 12:00:00,143.16,15.0,100.0,681261189.0,0
2024-05-01 18:00:00,153.72,13.0,10.0,835612345.0,0
2024-05-02 00:00:00,18.58,10.0,10.0,910161388.6135752,1
2024-05-02 06:00:00,18.58,10.0,10.0,913071058.2965366,1
2024-05-02 12:00:00,18.58,10.0,10.0,910724561.8331234,1
2024-05-02 18:00:00,18.58,9.0,10.0,911685542.0,0
2024-05-03 00:00:00,18.54,9.0,10.0,907387918.0,0
2024-05-03 06:00:00,18.65,9.0,10.0,919549826.0,0
2024-05-03 12:00:00,17.1,9.0,10.0,922009285.0,0
2024-05-03 18:00:00,20.48,9.0,10.0,913413411.0,0
2024-05-04 00:00:00,18.58,10.0,10.0,911800608.055895,1
2024-05-04 06:00:00,17.19,9.0,10.0,925842632.0,0
2024-05-04 12:00:00,18.58,10.0,10.0,911040657.4066433,1
2024-05-04 18:00:00,16.44,9.0,10.0,865837011.5,0
2024-05-05 00:00:00,18.58,10.0,10.0,909878521.9415886,1
2024-05-05 06:00:00,18.58,10.0,10.0,911754130.8310194,1
2024-05-05 12:00:00,18.58,10.0,10.0,912323394.3204242,1
2024-05-05 18:00:00,18.58,10.0,10.0,912260966.0699568,1
2024-05-06 00:00:00,18.58,10.0,10.0,911911506.1580341,1
2024-05-06 06:00:00,18.58,10.0,10.0,912012428.6640818,1
2024-05-06 12:00:00,18.58,10.0,10.0,911604486.0773298,1
2024-05-06 18:00:00,18.58,10.0,10.0,911951613.9303813,1
2024-05-07 00:00:00,18.58,10.0,10.0,912184552.8813305,1
2024-05-07 06:00:00,18.93,9.0,10.0,910298522.0,0
2024-05-07 12:00:00,19.41,9.0,10.0,840124678.0,0
2024-05-07 18:00:00,18.58,10.0,10.0,909578863.199278,1
2024-05-08 00:00:00,18.58,10.0,10.0,910954306.1527679,1
2024-05-08 06:00:00,18.58,10.0,10.0,911219193.9171816,1
2024-05-08 12:00:00,18.58,10.0,10.0,911522839.8157755,1
2024-05-08 18:00:00,18.58,9.0,10.0,913837913.0,0
2024-05-09 00:00:00,17.37,9.0,10.0,670985627.0,0
2024-05-09 06:00:00,17.54,9.0,10.0,923797165.0,0
2024-05-09 12:00:00,17.62,9.0,10.0,912418041.0,0
2024-05-09 18:00:00,16.8,9.0,10.0,922696580.0,0
2024-05-10 00:00:00,18.58,10.0,10.0,911098329.0894725,1
2024-05-10 06:00:00,16.32,9.0,10.0,920650280.0,0
2024-05-10 12:00:00,18.58,10.0,10.0,911806065.1448381,1
2024-05-10 18:00:00,19.49,9.0,10.0,910799154.5,0
2024-05-11 00:00:00,16.74,9.0,10.0,830212455.0,0
2024-05-11 06:00:00,18.58,10.0,10.0,909255844.4561408,1
2024-05-11 12:00:00,18.58,10.0,10.0,911239744.8514373,1
2024-05-11 18:00:00,17.44,9.0,10.0,914207110.0,0
2024-05-12 00:00:00,17.54,9.0,10.0,905237788.0,0
2024-05-12 06:00:00,19.42,9.0,10.0,926650472.0,0
2024-05-12 12:00:00,18.58,10.0,10.0,911501825.7912887,1
2024-05-12 18:00:00,17.6,9.0,10.0,919054374.0,0
2024-05-13 00:00:00,18.58,10.0,10.0,910652827.2023625,1
2024-05-13 06:00:00,18.32,9.0,10.0,922626799.0,0
2024-05-13 12:00:00,18.58,10.0,10.0,911156554.909659,1
2024-05-13 18:00:00,26.95,9.0,10.0,912896245.0,0
2024-05-14 00:00:00,18.58,10.0,10.0,911242824.6845223,1
2024-05-14 06:00:00,18.58,10.0,10.0,911262291.258917,1
2024-05-14 12:00:00,18.58,10.0,10.0,911536313.5119544,1
2024-05-14 18:00:00,17.22,9.0,10.0,912054916.0,0
2024-05-15 00:00:00,18.14,9.0,10.0,914937825.0,0
2024-05-15 06:00:00,18.58,10.0,10.0,911752863.1688625,1
2024-05-15 12:00:00,18.58,10.0,10.0,911961117.8951427,1
2024-05-15 18:00:00,18.58,10.0,10.0,911484756.955301,1
2024-05-16 00:00:00,18.58,10.0,10.0,911832696.6433647,1
2024-05-16 06:00:00,18.58,10.0,10.0,911675924.4918989,1
2024-05-16 12:00:00,18.58,10.0,10.0,911852622.6890582,1
2024-05-16 18:00:00,18.58,10.0,10.0,911865961.1712838,1
2024-05-17 00:00:00,17.8,9.0,10.0,836135338.0,0
2024-05-17 06:00:00,18.18,9.0,10.0,920493454.0,0
2024-05-17 12:00:00,18.58,10.0,10.0,910073246.4304538,1
2024-05-17 18:00:00,21.62,10.0,20.0,909693245.0,0
2024-05-18 00:00:00,18.58,10.0,10.0,911177781.0650854,1
2024-05-18 06:00:00,24.5,10.0,20.0,911289743.0,0
2024-05-18 12:00:00,24.82,10.0,20.0,907337031.0,0
2024-05-18 18:00:00,18.58,10.0,10.0,911358276.9980669,1
2024-05-19 00:00:00,18.58,10.0,10.0,912048633.8722446,1
2024-05-19 06:00:00,17.41,9.0,10.0,864923665.0,0
2024-05-19 12:00:00,18.58,10.0,10.0,910138085.0039188,1
2024-05-19 18:00:00,18.59,9.0,10.0,882310574.0,0
2024-05-20 00:00:00,18.58,10.0,10.0,911291338.7788295,1
2024-05-20 06:00:00,16.27,9.0,10.0,911637808.0,0
2024-05-20 12:00:00,18.58,10.0,10.0,910960148.4578955,1
2024-05-20 18:00:00,19.06,9.0,10.0,912560731.0,0
2024-05-21 00:00:00,18.58,10.0,10.0,911879228.5301433,1
2024-05-21 06:00:00,17.41,9.0,10.0,917271363.0,0
2024-05-21 12:00:00,22.34,11.0,20.0,905477884.0,0
2024-05-21 18:00:00,18.97,9.0,10.0,879151431.0,0
2024-05-22 00:00:00,18.58,10.0,10.0,910860754.1153029,1
2024-05-22 06:00:00,18.01,9.0,10.0,909379445.0,0
2024-05-22 12:00:00,19.21,9.0,10.0,895118692.0,0
2024-05-22 18:00:00,18.58,10.0,10.0,910808385.1645381,1
2024-05-23 00:00:00,18.58,10.0,10.0,911348710.6282268,1
2024-05-23 06:00:00,18.69,9.0,10.0,903136025.0,0
2024-05-23 12:00:00,18.58,10.0,10.0,911262249.1267298,1
2024-05-23 18:00:00,24.15,9.0,10.0,917401269.5,0
2024-05-24 00:00:00,18.58,10.0,10.0,911429257.6771798,1
2024-05-24 06:00:00,18.58,10.0,10.0,911337732.3302971,1
2024-05-24 12:00:00,18.58,10.0,10.0,911234128.273942,1
2024-05-24 18:00:00,17.43,9.0,10.0,900046398.0,0
2024-05-25 00:00:00,18.58,10.0,10.0,911112527.1423314,1
2024-05-25 06:00:00,17.79,9.0,10.0,907963728.0,0
2024-05-25 12:00:00,18.58,10.0,10.0,911808124.7939938,1
2024-05-25 18:00:00,17.74,9.0,10.0,908634705.5,0
2024-05-26 00:00:00,18.58,10.0,10.0,911850367.1728929,1
2024-05-26 06:00:00,18.58,10.0,10.0,911997896.1352117,1
2024-05-26 12:00:00,17.56,9.0,10.0,906360877.0,0
2024-05-26 18:00:00,17.78,10.0,10.0,911931629.0,0
2024-05-27 00:00:00,18.58,10.0,10.0,911297012.458605,1
2024-05-27 06:00:00,18.58,10.0,10.0,911291000.1141628,1
2024-05-27 12:00:00,18.58,10.0,10.0,911341946.3957505,1
2024-05-27 18:00:00,16.91,10.0,10.0,896535393.0,0
2024-05-28 00:00:00,18.58,10.0,10.0,910918839.7564447,1
2024-05-28 06:00:00,19.39,9.0,10.0,914202539.0,0
2024-05-28 12:00:00,18.58,10.0,10.0,911474002.0718759,1
2024-05-28 18:00:00,18.05,9.0,10.0,921669133.0,0
2024-05-29 00:00:00,18.24,9.0,10.0,909120437.0,0
2024-05-29 06:00:00,17.95,9.0,10.0,838233498.0,0
2024-05-29 12:00:00,18.58,10.0,10.0,908066196.8190477,1
2024-05-29 18:00:00,18.58,10.0,10.0,910922543.6438495,1
2024-05-30 00:00:00,18.58,10.0,10.0,911217612.5665692,1
2024-05-30 06:00:00,17.69,9.0,10.0,916566376.0,0
2024-05-30 12:00:00,17.89,10.0,10.0,913787908.0,0
2024-05-30 18:00:00,18.52,10.0,10.0,920335431.0,0
2024-05-31 00:00:00,18.89,10.0,10.0,913101898.0,0
2024-05-31 06:00:00,18.32,10.0,10.0,912053137.0,0
2024-05-31 12:00:00,17.78,10.0,10.0,912212522.0,0
2024-05-31 18:00:00,17.21,10.0,10.0,909207157.0,0
2024-06-01 00:00:00,18.58,10.0,10.0,912136683.8066915,1
2024-06-01 06:00:00,18.58,10.0,10.0,911881890.3395298,1
2024-06-01 12:00:00,18.58,10.0,10.0,912375434.9428321,1
2024-06-01 18:00:00,18.41,10.0,10.0,906390952.0,0
2024-06-02 00:00:00,18.58,10.0,10.0,911992165.1722455,1
2024-06-02 06:00:00,18.58,10.0,10.0,911888324.6258761,1
2024-06-02 12:00:00,18.58,10.0,10.0,912186631.0706578,1
2024-06-02 18:00:00,18.58,10.0,10.0,912110076.6839436,1
2024-06-03 00:00:00,18.58,10.0,10.0,911960019.6522326,1
2024-06-03 06:00:00,18.58,10.0,10.0,911838276.8547133,1
2024-06-03 12:00:00,18.58,10.0,10.0,911654324.5793879,1
2024-06-03 18:00:00,16.72,10.0,10.0,911060587.0,0
2024-06-04 00:00:00,18.58,10.0,10.0,911597266.1725564,1
2024-06-04 06:00:00,21.16,10.0,10.0,915041127.0,0
2024-06-04 12:00:00,18.58,10.0,10.0,911736501.9742987,1
2024-06-04 18:00:00,17.61,10.0,10.0,877027212.0,0
2024-06-05 00:00:00,18.58,10.0,10.0,910109301.5761088,1
2024-06-05 06:00:00,18.07,10.0,10.0,919760645.0,0
2024-06-05 12:00:00,18.17,10.0,10.0,908574836.0,0
2024-06-05 18:00:00,17.12,10.0,10.0,904241774.0,0
2024-06-06 00:00:00,18.58,10.0,10.0,911182321.6387924,1
2024-06-06 06:00:00,18.58,10.0,10.0,911980265.898981,1
2024-06-06 12:00:00,18.58,10.0,10.0,911716265.0039068,1
2024-06-06 18:00:00,18.58,10.0,10.0,912094643.8185046,1
2024-06-07 00:00:00,18.58,10.0,10.0,912113682.9674594,1
2024-06-07 06:00:00,24.12,13.0,10.0,908121651.0,0
2024-06-07 12:00:00,18.58,10.0,10.0,912058353.2087094,1
2024-06-07 18:00:00,24.14,10.0,10.0,912538457.0,0
2024-06-08 00:00:00,18.58,10.0,10.0,912459708.7786496,1
2024-06-08 06:00:00,20.96,13.0,10.0,914358363.0,0
2024-06-08 12:00:00,24.43,13.0,10.0,900439764.0,0
2024-06-08 18:00:00,20.24,10.0,10.0,909253164.0,0
2024-06-09 00:00:00,22.81,13.0,10.0,902772229.0,0
2024-06-09 06:00:00,25.35,13.0,10.0,893808297.0,0
2024-06-09 12:00:00,18.58,10.0,10.0,911831129.3576845,1
2024-06-09 18:00:00,23.03,13.0,10.0,890926696.0,0
2024-06-10 00:00:00,18.58,10.0,10.0,910947896.653435,1
2024-06-10 06:00:00,17.65,10.0,10.0,909430919.0,0
2024-06-10 12:00:00,18.58,10.0,10.0,911188140.9237553,1
2024-06-10 18:00:00,18.58,10.0,10.0,911290335.3763251,1
2024-06-11 00:00:00,18.58,10.0,10.0,911652919.8894966,1
2024-06-11 06:00:00,18.58,10.0,10.0,911897287.1682919,1
2024-06-11 12:00:00,18.61,10.0,10.0,895735570.0,0
2024-06-11 18:00:00,19.82,10.0,10.0,905815414.0,0
2024-06-12 00:00:00,18.58,10.0,10.0,911838609.7516655,1
2024-06-12 06:00:00,17.93,10.0,10.0,914917277.0,0
2024-06-12 12:00:00,18.04,10.0,10.0,897115537.5,0
2024-06-12 18:00:00,18.05,10.0,10.0,926000197.0,0
2024-06-13 00:00:00,18.58,10.0,10.0,910901425.1782191,1
2024-06-13 06:00:00,18.58,10.0,10.0,910457964.402795,1
2024-06-13 12:00:00,18.58,10.0,10.0,910722320.6472312,1
2024-06-13 18:00:00,17.71,10.0,10.0,879966343.0,0
2024-06-14 00:00:00,18.58,10.0,10.0,910886492.5550554,1
2024-06-14 06:00:00,19.13,10.0,10.0,898133546.0,0
2024-06-14 12:00:00,18.58,10.0,10.0,912041659.5897926,1
2024-06-14 18:00:00,18.58,10.0,10.0,911952729.6857708,1
2024-06-15 00:00:00,18.58,10.0,10.0,911927895.3956214,1
2024-06-15 06:00:00,18.58,10.0,10.0,912595117.173565,1
2024-06-15 12:00:00,18.58,10.0,10.0,912263585.5898148,1
2024-06-15 18:00:00,18.58,10.0,10.0,912401630.9108075,1
2024-06-16 00:00:00,18.58,10.0,10.0,912691713.5841842,1
2024-06-16 06:00:00,18.58,10.0,10.0,912598828.5564464,1
2024-06-16 12:00:00,18.58,10.0,10.0,912422477.3220892,1
2024-06-16 18:00:00,18.58,10.0,10.0,912693321.7979395,1
2024-06-17 00:00:00,18.58,10.0,10.0,912198665.5851672,1
2024-06-17 06:00:00,18.58,10.0,10.0,911786901.2254606,1
2024-06-17 12:00:00,18.58,10.0,10.0,911852187.279097,1
2024-06-17 18:00:00,18.58,10.0,10.0,911765848.7248975,1
2024-06-18 00:00:00,18.58,10.0,10.0,912141532.9569799,1
2024-06-18 06:00:00,18.58,10.0,10.0,911649988.4122403,1
2024-06-18 12:00:00,18.58,10.0,10.0,911952721.3912609,1
2024-06-18 18:00:00,18.58,10.0,10.0,911852713.1792185,1
2024-06-19 00:00:00,18.58,10.0,10.0,911977040.1156775,1
2024-06-19 06:00:00,18.58,10.0,10.0,912027042.6590759,1
2024-06-19 12:00:00,18.58,10.0,10.0,911933189.8034238,1
2024-06-19 18:00:00,23.5,11.0,20.0,905928346.0,0
2024-06-20 00:00:00,18.58,10.0,10.0,911557930.7961558,1
2024-06-20 06:00:00,18.58,10.0,10.0,911761463.0499411,1
2024-06-20 12:00:00,18.58,10.0,10.0,911950466.8359118,1
2024-06-20 18:00:00,18.58,10.0,10.0,911950260.65961,1
2024-06-21 00:00:00,18.58,10.0,10.0,912158091.420536,1
2024-06-21 06:00:00,18.58,10.0,10.0,912016557.8224311,1
2024-06-21 12:00:00,18.58,10.0,10.0,912150279.3600686,1
2024-06-21 18:00:00,18.58,10.0,10.0,912455617.685738,1
2024-06-22 00:00:00,18.58,10.0,10.0,912511576.5671756,1
2024-06-22 06:00:00,18.58,10.0,10.0,912468507.9386752,1
2024-06-22 12:00:00,18.58,10.0,10.0,912799758.1706834,1
2024-06-22 18:00:00,18.58,10.0,10.0,912551056.6415634,1
2024-06-23 00:00:00,18.58,10.0,10.0,912486925.0132508,1
2024-06-23 06:00:00,18.58,10.0,10.0,912545433.8128127,1
2024-06-23 12:00:00,18.58,10.0,10.0,912839053.4820877,1
2024-06-23 18:00:00,18.58,10.0,10.0,912663490.3622595,1
2024-06-24 00:00:00,18.58,10.0,10.0,911969435.0849283,1
2024-06-24 06:00:00,18.58,10.0,10.0,912045409.6808094,1
2024-06-24 12:00:00,18.58,10.0,10.0,911626125.9853369,1
2024-06-24 18:00:00,18.58,10.0,10.0,911943028.8071198,1
2024-06-25 00:00:00,18.58,10.0,10.0,911995432.1374047,1
2024-06-25 06:00:00,16.79,10.0,10.0,916026985.5,0
2024-06-25 12:00:00,18.58,10.0,10.0,911641665.978862,1
2024-06-25 18:00:00,19.1,10.0,10.0,894435641.0,0
2024-06-26 00:00:00,18.58,10.0,10.0,910875887.6859839,1
2024-06-26 06:00:00,16.78,10.0,10.0,907650834.0,0
2024-06-26 12:00:00,17.34,10.0,10.0,913285007.0,0
2024-06-26 18:00:00,18.46,10.0,10.0,913547038.0,0
2024-06-27 00:00:00,18.58,10.0,10.0,911927745.5934299,1
2024-06-27 06:00:00,17.62,10.0,10.0,790839380.0,0
2024-06-27 12:00:00,16.96,10.0,10.0,911693468.5,0
2024-06-27 18:00:00,18.58,10.0,10.0,910481424.4327593,1
2024-06-28 00:00:00,18.58,10.0,10.0,911149415.8896587,1
2024-06-28 06:00:00,21.97,10.0,10.0,914518510.5,0
2024-06-28 12:00:00,22.6,11.0,20.0,899693134.5,0
2024-06-28 18:00:00,18.58,10.0,10.0,911581472.7064112,1
2024-06-29 00:00:00,18.58,10.0,10.0,912044767.2048467,1
2024-06-29 06:00:00,18.01,10.0,10.0,926630642.0,0
2024-06-29 12:00:00,18.48,10.0,10.0,912509590.5,0
2024-06-29 18:00:00,18.58,10.0,10.0,910850662.0339124,1
2024-06-30 00:00:00,39.08,10.0,10.0,922746003.0,0
2024-06-30 06:00:00,17.82,10.0,10.0,920826130.5,0
2024-06-30 12:00:00,17.46,10.0,10.0,914046030.0,0
2024-06-30 18:00:00,18.53,10.0,10.0,914419407.5,0
2024-07-01 00:00:00,18.11,10.0,10.0,914779394.0,0
2024-07-01 06:00:00,17.98,10.0,10.0,914832875.0,0
2024-07-01 12:00:00,20.55,10.0,10.0,917139520.0,0
2024-07-01 18:00:00,16.46,10.0,10.0,916102402.33,0
2024-07-02 00:00:00,15.39,10.0,10.0,914459075.0,0
2024-07-02 06:00:00,16.76,10.0,10.0,905895427.5,0
2024-07-02 12:00:00,18.22,10.0,10.0,886942488.0,0
2024-07-02 18:00:00,16.35,10.0,10.0,910794661.0,0
2024-07-03 00:00:00,18.58,10.0,10.0,911627588.2681671,1
2024-07-03 06:00:00,16.24,10.0,10.0,913308919.0,0
2024-07-03 12:00:00,18.58,10.0,10.0,911952138.0104612,1
2024-07-03 18:00:00,18.24,10.0,10.0,914035326.0,0
2024-07-04 00:00:00,18.58,10.0,10.0,912340212.8674303,1
2024-07-04 06:00:00,15.68,10.0,10.0,914049092.0,0
2024-07-04 12:00:00,20.84,10.0,10.0,919737738.0,0
2024-07-04 18:00:00,18.58,10.0,10.0,911912468.5537682,1
2024-07-05 00:00:00,16.94,10.0,10.0,881846186.0,0
2024-07-05 06:00:00,16.6,10.0,10.0,918791106.5,0
2024-07-05 12:00:00,18.58,10.0,10.0,911591590.3964719,1
2024-07-05 18:00:00,18.02,10.0,10.0,908513174.5,0
2024-07-06 00:00:00,18.58,10.0,10.0,911720987.49795,1
2024-07-06 06:00:00,17.45,10.0,10.0,907962593.0,0
2024-07-06 12:00:00,18.58,10.0,10.0,912213444.375651,1
2024-07-06 18:00:00,18.3,10.0,10.0,921386077.67,0
2024-07-07 00:00:00,18.58,10.0,10.0,912229135.8363923,1
2024-07-07 06:00:00,18.58,10.0,10.0,911442683.9300236,1
2024-07-07 12:00:00,23.91,10.0,10.0,900118533.0,0
2024-07-07 18:00:00,17.78,10.0,10.0,914408826.0,0
2024-07-08 00:00:00,18.58,10.0,10.0,911629673.8175212,1
2024-07-08 06:00:00,16.24,10.0,10.0,913383816.0,0
2024-07-08 12:00:00,17.74,10.0,10.0,912627113.5,0
2024-07-08 18:00:00,16.61,10.0,10.0,920046387.5,0
2024-07-09 00:00:00,18.58,10.0,10.0,912036781.2257901,1
2024-07-09 06:00:00,19.57,10.0,10.0,920735890.0,0
2024-07-09 12:00:00,18.58,10.0,10.0,911307105.8028173,1
2024-07-09 18:00:00,15.77,10.0,10.0,919762529.5,0
2024-07-10 00:00:00,18.58,10.0,10.0,911479190.4282736,1
2024-07-10 06:00:00,18.75,10.0,10.0,910390395.0,0
2024-07-10 12:00:00,17.91,10.0,10.0,917872332.5,0
2024-07-10 18:00:00,18.1,10.0,10.0,898813555.0,0
2024-07-11 00:00:00,18.58,10.0,10.0,911143069.1831775,1
2024-07-11 06:00:00,16.68,10.0,10.0,913565017.0,0
2024-07-11 12:00:00,17.3,10.0,10.0,910366622.0,0
2024-07-11 18:00:00,18.58,10.0,10.0,911803310.404417,1
2024-07-12 00:00:00,18.58,10.0,10.0,912088813.4088141,1
2024-07-12 06:00:00,16.29,10.0,10.0,911949100.0,0
2024-07-12 12:00:00,24.77,11.0,10.0,916198868.0,0
2024-07-12 18:00:00,18.58,10.0,10.0,912092735.6380746,1
2024-07-13 00:00:00,18.58,10.0,10.0,911853123.4204699,1
2024-07-13 06:00:00,18.58,10.0,10.0,912207825.9254165,1
2024-07-13 12:00:00,18.58,10.0,10.0,919392852.0,0
2024-07-13 18:00:00,18.58,10.0,10.0,912169812.6404988,1
2024-07-14 00:00:00,18.58,10.0,10.0,911804224.9530228,1
2024-07-14 06:00:00,18.58,10.0,10.0,911974715.7442216,1
2024-07-14 12:00:00,18.58,10.0,10.0,912253771.2825285,1
2024-07-14 18:00:00,18.58,10.0,10.0,912198115.6014379,1
2024-07-15 00:00:00,18.58,10.0,10.0,911908822.2354678,1
2024-07-15 06:00:00,18.58,10.0,10.0,912020712.3194515,1
2024-07-15 12:00:00,18.58,10.0,10.0,911816093.4981884,1
2024-07-15 18:00:00,18.58,10.0,10.0,911968191.1801963,1
2024-07-16 00:00:00,18.58,10.0,10.0,911992633.580399,1
2024-07-16 06:00:00,18.58,10.0,10.0,912007088.0906135,1
2024-07-16 12:00:00,18.58,10.0,10.0,912248502.3393508,1
2024-07-16 18:00:00,18.58,10.0,10.0,911899522.648891,1
2024-07-17 00:00:00,18.58,10.0,10.0,912282580.3514072,1
2024-07-17 06:00:00,18.58,10.0,10.0,911816331.8738953,1
2024-07-17 12:00:00,18.58,10.0,10.0,912398767.6112769,1
2024-07-17 18:00:00,18.58,10.0,10.0,912235908.9414742,1
2024-07-18 00:00:00,18.58,10.0,10.0,912196076.9908686,1
2024-07-18 06:00:00,18.58,10.0,10.0,912033714.7630612,1
2024-07-18 12:00:00,18.58,10.0,10.0,912365119.1766287,1
2024-07-18 18:00:00,18.58,10.0,10.0,912309995.4744585,1
2024-07-19 00:00:00,18.58,10.0,10.0,912342103.0783632,1
2024-07-19 06:00:00,18.58,10.0,10.0,912719982.8039578,1
2024-07-19 12:00:00,18.58,10.0,10.0,912470651.8813276,1
2024-07-19 18:00:00,18.58,10.0,10.0,912700271.5627636,1
2024-07-20 00:00:00,18.58,10.0,10.0,912728187.1555672,1
2024-07-20 06:00:00,18.58,10.0,10.0,912709832.4382603,1
2024-07-20 12:00:00,18.58,10.0,10.0,913044745.757905,1
2024-07-20 18:00:00,18.58,10.0,10.0,912825721.2665645,1
2024-07-21 00:00:00,18.58,10.0,10.0,912548698.0868407,1
2024-07-21 06:00:00,18.58,12.0,10.0,913049652.0,0
2024-07-21 12:00:00,18.58,10.0,10.0,912655048.5495819,1
2024-07-21 18:00:00,18.58,12.0,10.0,909303392.5,0
2024-07-22 00:00:00,18.58,10.0,10.0,912122270.4265306,1
2024-07-22 06:00:00,18.58,12.0,10.0,888600888.0,0
2024-07-22 12:00:00,18.58,12.0,10.0,901827157.0,0
2024-07-22 18:00:00,18.58,12.0,10.0,911948690.0,0
2024-07-23 00:00:00,18.58,10.0,10.0,913548685.5,0
2024-07-23 06:00:00,18.58,10.0,10.0,917126824.5,0
2024-07-23 12:00:00,18.58,10.0,10.0,915251163.0,0
2024-07-23 18:00:00,18.58,10.0,10.0,914385036.5,0
2024-07-24 00:00:00,18.58,10.0,10.0,912034448.8925081,1
2024-07-24 06:00:00,18.58,10.0,10.0,911739611.0,0
2024-07-24 12:00:00,18.58,10.0,10.0,911889976.7949873,1
2024-07-24 18:00:00,18.58,13.0,100.0,921599805.0,0
2024-07-25 00:00:00,18.58,10.0,10.0,911500972.005735,1
2024-07-25 06:00:00,18.58,10.0,10.0,910888141.9981639,1
2024-07-25 12:00:00,18.58,13.0,100.0,844747566.0,0
2024-07-25 18:00:00,18.58,13.0,100.0,899814138.0,0
2024-07-26 00:00:00,18.58,13.0,100.0,901932375.0,0
2024-07-26 06:00:00,18.58,13.0,100.0,892613976.0,0
2024-07-26 12:00:00,18.58,10.0,10.0,912088394.0895323,1
2024-07-26 18:00:00,18.58,10.0,10.0,897065174.0,0
2024-07-27 00:00:00,18.58,10.0,10.0,912488273.9272846,1
2024-07-27 06:00:00,18.58,12.0,10.0,925735553.0,0
2024-07-27 12:00:00,18.58,12.0,10.0,913895323.0,0
2024-07-27 18:00:00,18.58,12.0,10.0,913676103.0,0
2024-07-28 00:00:00,18.58,10.0,10.0,911573099.6583179,1
2024-07-28 06:00:00,18.58,12.0,10.0,911947837.5,0
2024-07-28 12:00:00,18.58,10.0,10.0,912022781.3540629,1
2024-07-28 18:00:00,18.58,10.0,10.0,912157625.6936016,1
2024-07-29 00:00:00,18.58,10.0,10.0,911864100.5524863,1
2024-07-29 06:00:00,18.58,12.0,10.0,911191378.0,0
2024-07-29 12:00:00,18.58,10.0,10.0,911541726.304915,1
2024-07-29 18:00:00,18.58,10.0,10.0,911995663.750513,1
2024-07-30 00:00:00,18.58,12.0,10.0,910745420.0,0
2024-07-30 06:00:00,18.58,12.0,10.0,905653868.0,0
2024-07-30 12:00:00,18.58,10.0,10.0,911704552.6543859,1
2024-07-30 18:00:00,18.58,10.0,10.0,912038368.726917,1
2024-07-31 00:00:00,18.58,12.0,10.0,918999528.5,0
2024-07-31 06:00:00,18.58,12.0,10.0,910693830.0,0
2024-07-31 12:00:00,18.58,12.0,10.0,894175061.0,0
2024-07-31 18:00:00,18.58,12.0,10.0,918870318.0,0
2024-08-01 00:00:00,18.58,10.0,10.0,911917749.216846,1
2024-08-01 06:00:00,18.58,12.0,10.0,909853080.0,0
2024-08-01 12:00:00,18.58,12.0,10.0,918082048.0,0
2024-08-01 18:00:00,18.58,12.0,10.0,915251941.0,0
2024-08-02 00:00:00,18.58,10.0,10.0,912328415.1037729,1
2024-08-02 06:00:00,18.58,12.0,10.0,911957034.0,0
2024-08-02 12:00:00,18.58,12.0,10.0,895692051.0,0
2024-08-02 18:00:00,18.58,12.0,10.0,907968771.5,0
2024-08-03 00:00:00,18.58,13.0,100.0,885691726.0,0
2024-08-03 06:00:00,18.58,13.0,100.0,917086403.0,0
2024-08-03 12:00:00,18.58,12.0,10.0,915986495.0,0
2024-08-03 18:00:00,18.58,10.0,10.0,911889799.9074285,1
2024-08-04 00:00:00,18.58,10.0,10.0,911977304.9790677,1
2024-08-04 06:00:00,18.58,12.0,10.0,910903436.0,0
2024-08-04 12:00:00,18.58,10.0,10.0,912341245.1845201,1
2024-08-04 18:00:00,18.58,10.0,10.0,912628533.3264165,1
2024-08-05 00:00:00,18.58,10.0,10.0,912361614.228333,1
2024-08-05 06:00:00,18.58,12.0,10.0,873639867.5,0
2024-08-05 12:00:00,18.58,10.0,10.0,910288588.0718135,1
2024-08-05 18:00:00,18.58,12.0,10.0,917499846.0,0
2024-08-06 00:00:00,18.58,10.0,10.0,911598513.0079268,1
2024-08-06 06:00:00,18.58,12.0,10.0,863942499.0,0
2024-08-06 12:00:00,18.58,10.0,10.0,909255956.4340146,1
2024-08-06 18:00:00,18.58,12.0,10.0,913417111.0,0
2024-08-07 00:00:00,18.58,10.0,10.0,911942788.795342,1
2024-08-07 06:00:00,18.58,12.0,10.0,906503560.0,0
2024-08-07 12:00:00,18.58,12.0,10.0,907428822.0,0
2024-08-07 18:00:00,18.58,10.0,10.0,914937459.0,0
2024-08-08 00:00:00,18.58,12.0,10.0,911425084.0,0
2024-08-08 06:00:00,18.58,12.0,10.0,912169716.0,0
2024-08-08 12:00:00,18.58,10.0,10.0,911930672.1640216,1
2024-08-08 18:00:00,18.58,12.0,10.0,911267661.0,0
2024-08-09 00:00:00,18.58,10.0,10.0,912288004.5936574,1
2024-08-09 06:00:00,18.58,10.0,10.0,912328611.1458155,1
2024-08-09 12:00:00,18.58,10.0,10.0,912567073.9928075,1
2024-08-09 18:00:00,18.58,10.0,10.0,912721351.6922883,1
2024-08-10 00:00:00,18.58,10.0,10.0,912936435.1867466,1
2024-08-10 06:00:00,18.58,12.0,10.0,921799474.0,0
2024-08-10 12:00:00,18.58,10.0,10.0,914884481.0,0
2024-08-10 18:00:00,18.58,10.0,10.0,912477815.0,0
2024-08-11 00:00:00,18.58,10.0,10.0,912331897.3574601,1
2024-08-11 06:00:00,18.58,10.0,10.0,912610569.8279014,1
2024-08-11 12:00:00,18.58,12.0,10.0,907332903.0,0
2024-08-11 18:00:00,18.58,10.0,10.0,912238516.1667626,1
2024-08-12 00:00:00,18.58,10.0,10.0,912577079.0,0
2024-08-12 06:00:00,18.58,10.0,10.0,912177315.0494663,1
2024-08-12 12:00:00,18.58,12.0,10.0,901411017.0,0
2024-08-12 18:00:00,18.58,10.0,10.0,914333611.5,0
2024-08-13 00:00:00,18.58,10.0,10.0,911800477.5963777,1
2024-08-13 06:00:00,18.58,12.0,10.0,912973297.5,0
2024-08-13 12:00:00,18.58,10.0,10.0,912212278.7630973,1
2024-08-13 18:00:00,18.58,12.0,10.0,917040037.5,0
2024-08-14 00:00:00,18.58,12.0,10.0,919678516.0,0
2024-08-14 06:00:00,18.58,10.0,10.0,911585188.0682048,1
2024-08-14 12:00:00,18.58,10.0,10.0,937310993.0,0
2024-08-14 18:00:00,18.58,12.0,10.0,925947444.0,0
2024-08-15 00:00:00,18.58,12.0,10.0,918868736.5,0
2024-08-15 06:00:00,18.58,12.0,10.0,916094147.0,0
2024-08-15 12:00:00,18.58,10.0,10.0,919389322.0,0
2024-08-15 18:00:00,18.58,12.0,10.0,915549334.0,0
2024-08-16 00:00:00,18.58,10.0,10.0,911900188.6235077,1
2024-08-16 06:00:00,18.58,12.0,10.0,913928132.0,0
2024-08-16 12:00:00,18.58,10.0,10.0,930610641.0,0
2024-08-16 18:00:00,18.58,11.0,10.0,912793029.0,0
2024-08-17 00:00:00,18.58,10.0,10.0,910194760.2745802,1
2024-08-17 06:00:00,18.58,12.0,10.0,917820753.5,0
2024-08-17 12:00:00,18.58,10.0,10.0,903174318.0,0
2024-08-17 18:00:00,18.58,12.0,10.0,914319878.0,0
2024-08-18 00:00:00,18.58,12.0,10.0,926257942.0,0
2024-08-18 06:00:00,18.58,12.0,10.0,896505281.0,0
2024-08-18 12:00:00,18.58,12.0,10.0,914305706.0,0
2024-08-18 18:00:00,18.58,10.0,10.0,911543509.1118304,1
2024-08-19 00:00:00,18.58,12.0,10.0,900413983.0,0
2024-08-19 06:00:00,18.58,10.0,10.0,910743189.0,0
2024-08-19 12:00:00,18.58,10.0,10.0,911415545.8896348,1
2024-08-19 18:00:00,18.58,13.0,100.0,898999307.0,0
2024-08-20 00:00:00,18.58,10.0,10.0,911565379.4366275,1
2024-08-20 06:00:00,18.58,13.0,100.0,910487854.5,0
2024-08-20 12:00:00,18.58,13.0,100.0,913382224.0,0
2024-08-20 18:00:00,18.58,10.0,10.0,923167741.0,0
2024-08-21 00:00:00,18.58,10.0,10.0,911685610.3464239,1
2024-08-21 06:00:00,18.58,10.0,10.0,905998053.0,0
2024-08-21 12:00:00,18.58,10.0,10.0,918659021.0,0
2024-08-21 18:00:00,18.58,14.0,10.0,882744764.0,0
2024-08-22 00:00:00,18.58,10.0,10.0,912894830.0,0
2024-08-22 06:00:00,18.58,29.0,10.0,919970407.0,0
2024-08-22 12:00:00,18.58,13.0,100.0,904401322.0,0
2024-08-22 18:00:00,18.58,14.0,20.0,908455039.0,0
2024-08-23 00:00:00,18.58,10.0,10.0,911875487.1006522,1
2024-08-23 06:00:00,18.58,10.0,10.0,912187036.7138236,1
2024-08-23 12:00:00,18.58,10.0,10.0,911884330.2196541,1
2024-08-23 18:00:00,18.58,10.0,10.0,912252624.0078791,1
2024-08-24 00:00:00,18.58,10.0,10.0,912220945.8877183,1
2024-08-24 06:00:00,18.58,10.0,10.0,912380721.111467,1
2024-08-24 12:00:00,18.58,10.0,10.0,912664908.96429,1
2024-08-24 18:00:00,18.58,10.0,10.0,912672707.1274202,1
2024-08-25 00:00:00,18.58,10.0,10.0,912992220.5505934,1
2024-08-25 06:00:00,18.58,10.0,10.0,912949858.8816091,1
2024-08-25 12:00:00,18.58,10.0,10.0,912527702.5609499,1
2024-08-25 18:00:00,18.58,10.0,10.0,912550324.4926234,1
2024-08-26 00:00:00,18.58,10.0,10.0,912342111.4560776,1
2024-08-26 06:00:00,18.58,10.0,10.0,912230228.7006737,1
2024-08-26 12:00:00,18.58,10.0,10.0,911915252.8804855,1
2024-08-26 18:00:00,18.58,10.0,10.0,912194553.545926,1
2024-08-27 00:00:00,18.58,10.0,10.0,912101889.9516151,1
2024-08-27 06:00:00,18.58,10.0,10.0,912154520.4000168,1
2024-08-27 12:00:00,18.58,10.0,10.0,912425758.1736859,1
2024-08-27 18:00:00,18.58,10.0,10.0,912425186.0928559,1
2024-08-28 00:00:00,18.58,10.0,10.0,912503333.5278422,1
2024-08-28 06:00:00,18.58,10.0,10.0,912580900.0637078,1
2024-08-28 12:00:00,18.58,10.0,10.0,912684545.8165803,1
2024-08-28 18:00:00,18.58,10.0,10.0,912576925.4942245,1
2024-08-29 00:00:00,18.58,10.0,10.0,912983306.807755,1
2024-08-29 06:00:00,18.58,10.0,10.0,912570121.9417572,1
2024-08-29 12:00:00,18.58,10.0,10.0,912402248.2761555,1
2024-08-29 18:00:00,18.58,10.0,10.0,912455844.4220401,1
2024-08-30 00:00:00,18.58,10.0,10.0,912646689.8110514,1
2024-08-30 06:00:00,18.58,10.0,10.0,912527841.8688588,1
2024-08-30 12:00:00,18.58,10.0,10.0,912757252.0250062,1
2024-08-30 18:00:00,18.58,10.0,10.0,912615906.03789,1
2024-08-31 00:00:00,18.58,10.0,10.0,912919010.705406,1
2024-08-31 06:00:00,18.58,10.0,10.0,912822581.8197135,1
2024-08-31 12:00:00,18.58,10.0,10.0,912885926.9578382,1
2024-08-31 18:00:00,18.58,10.0,10.0,913276731.1224036,1
2024-09-01 00:00:00,18.58,10.0,10.0,913394587.1579006,1
2024-09-01 06:00:00,18.58,10.0,10.0,912557913.7719392,1
2024-09-01 12:00:00,18.58,10.0,10.0,912600802.7602482,1
2024-09-01 18:00:00,18.58,10.0,10.0,912926470.3603066,1
2024-09-02 00:00:00,18.58,10.0,10.0,912777136.4244109,1
2024-09-02 06:00:00,18.58,10.0,10.0,912464952.1813316,1
2024-09-02 12:00:00,18.58,10.0,10.0,912505617.4311602,1
2024-09-02 18:00:00,18.58,10.0,10.0,912436457.5203731,1
2024-09-03 00:00:00,18.58,10.0,10.0,912895358.4321193,1
2024-09-03 06:00:00,18.58,10.0,10.0,912575599.2884104,1
2024-09-03 12:00:00,18.58,10.0,10.0,912516422.0148413,1
2024-09-03 18:00:00,18.58,10.0,10.0,912594064.5810649,1
2024-09-04 00:00:00,18.58,10.0,10.0,913100147.1790935,1
2024-09-04 06:00:00,18.58,10.0,10.0,912842736.9049673,1
2024-09-04 12:00:00,18.58,11.0,20.0,912833330.0,0
2024-09-04 18:00:00,18.58,10.0,10.0,912834171.9472564,1
2024-09-05 00:00:00,18.58,10.0,10.0,914421125.0,0
2024-09-05 06:00:00,18.58,10.0,10.0,919288539.0,0
2024-09-05 12:00:00,18.58,10.0,10.0,913420947.0,0
2024-09-05 18:00:00,18.58,10.0,10.0,911890951.3936707,1
2024-09-06 00:00:00,18.58,10.0,10.0,915196171.0,0
2024-09-06 06:00:00,18.58,10.0,10.0,916039199.0,0
2024-09-06 12:00:00,18.58,10.0,10.0,912837699.0,0
2024-09-06 18:00:00,18.58,10.0,10.0,915269727.0,0
2024-09-07 00:00:00,18.58,10.0,10.0,914173468.0,0
2024-09-07 06:00:00,18.58,10.0,10.0,913467439.0,0
2024-09-07 12:00:00,18.58,10.0,10.0,912542307.4239573,1
2024-09-07 18:00:00,18.58,12.0,6.0,910114633.0,0
2024-09-08 00:00:00,18.58,10.0,10.0,912819746.7325978,1
2024-09-08 06:00:00,18.58,12.0,6.0,858594177.0,0
2024-09-08 12:00:00,18.58,12.0,6.0,917871598.0,0
2024-09-08 18:00:00,18.58,13.0,6.0,892549051.0,0
2024-09-09 00:00:00,18.58,12.0,6.0,835402420.0,0
2024-09-09 06:00:00,18.58,12.0,20.0,925370309.0,0
2024-09-09 12:00:00,18.58,12.0,20.0,910322984.0,0
2024-09-09 18:00:00,18.58,12.0,6.0,912684109.0,0
2024-09-10 00:00:00,18.58,12.0,6.0,914236729.0,0
2024-09-10 06:00:00,18.58,11.0,10.0,907964455.0,0
2024-09-10 12:00:00,18.58,11.0,10.0,926313474.0,0
2024-09-10 18:00:00,18.58,12.0,100.0,789886095.5,0
2024-09-11 00:00:00,18.58,11.0,10.0,904660662.0,0
2024-09-11 06:00:00,18.58,12.0,20.0,924372542.0,0
2024-09-11 12:00:00,18.58,18.0,6.0,908285935.0,0
2024-09-11 18:00:00,18.58,12.0,20.0,920466522.0,0
2024-09-12 00:00:00,18.58,12.0,20.0,914046852.0,0
2024-09-12 06:00:00,18.58,12.0,20.0,913151405.0,0
2024-09-12 12:00:00,18.58,10.0,10.0,912034138.2702365,1
2024-09-12 18:00:00,18.58,11.0,10.0,897321801.5,0
2024-09-13 00:00:00,18.58,12.0,20.0,912838293.0,0
2024-09-13 06:00:00,18.58,12.0,20.0,926545366.0,0
2024-09-13 12:00:00,18.58,10.0,10.0,919382696.67,0
2024-09-13 18:00:00,18.58,12.0,20.0,909746175.0,0
2024-09-14 00:00:00,18.58,10.0,10.0,911167957.5916457,1
2024-09-14 06:00:00,18.58,10.0,10.0,911816919.8448703,1
2024-09-14 12:00:00,18.58,10.0,10.0,912417643.4936024,1
2024-09-14 18:00:00,18.58,10.0,10.0,912473605.6027995,1
2024-09-15 00:00:00,18.58,10.0,10.0,912899820.2685995,1
2024-09-15 06:00:00,18.58,10.0,10.0,912934823.5385032,1
2024-09-15 12:00:00,18.58,10.0,10.0,913096184.0941597,1
2024-09-15 18:00:00,18.58,10.0,10.0,913031875.2669313,1
2024-09-16 00:00:00,18.58,10.0,10.0,912560709.1698223,1
2024-09-16 06:00:00,18.58,10.0,10.0,912082683.8771713,1
2024-09-16 12:00:00,18.58,10.0,10.0,912142306.2720603,1
2024-09-16 18:00:00,18.58,10.0,10.0,912214303.772113,1
2024-09-17 00:00:00,18.58,10.0,10.0,912629281.0455539,1
2024-09-17 06:00:00,18.58,10.0,10.0,912338168.9275326,1
2024-09-17 12:00:00,18.58,10.0,10.0,912530709.3539591,1
2024-09-17 18:00:00,18.58,11.0,20.0,914911238.0,0
2024-09-18 00:00:00,18.58,11.0,20.0,882143937.5,0
2024-09-18 06:00:00,18.58,10.0,10.0,910625316.7288698,1
2024-09-18 12:00:00,18.58,10.0,10.0,915893995.5,0
2024-09-18 18:00:00,18.58,10.0,10.0,927255849.0,0
2024-09-19 00:00:00,18.58,10.0,10.0,870531016.0,0
2024-09-19 06:00:00,18.58,10.0,10.0,915513078.0,0
2024-09-19 12:00:00,18.58,10.0,10.0,914936223.5,0
2024-09-19 18:00:00,18.58,10.0,10.0,911995811.9908183,1
2024-09-20 00:00:00,18.58,12.0,6.0,852589343.0,0
2024-09-20 06:00:00,18.58,12.0,20.0,918657993.0,0
2024-09-20 12:00:00,18.58,10.0,10.0,922980454.5,0
2024-09-20 18:00:00,18.58,10.0,10.0,915377120.0,0
2024-09-21 00:00:00,18.58,10.0,10.0,911604616.6067731,1
2024-09-21 06:00:00,18.58,10.0,10.0,914883657.0,0
2024-09-21 12:00:00,18.58,11.0,10.0,921031607.0,0
2024-09-21 18:00:00,18.58,10.0,10.0,912168304.9073393,1
2024-09-22 00:00:00,18.58,12.0,20.0,910770014.0,0
2024-09-22 06:00:00,18.58,12.0,20.0,915199533.0,0
2024-09-22 12:00:00,18.58,12.0,20.0,913150948.0,0
2024-09-22 18:00:00,18.58,12.0,20.0,912521073.0,0
2024-09-23 00:00:00,18.58,10.0,10.0,911870113.2459333,1
2024-09-23 06:00:00,18.58,12.0,20.0,912631361.0,0
2024-09-23 12:00:00,18.58,11.0,10.0,903841289.0,0
2024-09-23 18:00:00,18.58,11.0,10.0,911268526.0,0
2024-09-24 00:00:00,18.58,12.0,20.0,917896303.0,0
2024-09-24 06:00:00,18.58,10.0,10.0,911613546.2477889,1
2024-09-24 12:00:00,18.58,12.0,20.0,914515055.0,0
2024-09-24 18:00:00,18.58,12.0,20.0,909903075.0,0
2024-09-25 00:00:00,18.58,11.0,20.0,901303230.0,0
2024-09-25 06:00:00,18.58,11.0,20.0,912453891.33,0
2024-09-25 12:00:00,18.58,12.0,20.0,912379883.0,0
2024-09-25 18:00:00,18.58,10.0,10.0,912342860.7860246,1
2024-09-26 00:00:00,18.58,12.0,20.0,922959317.0,0
2024-09-26 06:00:00,18.58,12.0,20.0,837330382.0,0
2024-09-26 12:00:00,18.58,11.0,10.0,909548996.0,0
2024-09-26 18:00:00,18.58,11.0,10.0,904318014.5,0
2024-09-27 00:00:00,18.58,10.0,10.0,912080341.6698809,1
2024-09-27 06:00:00,18.58,10.0,10.0,912179987.1340559,1
2024-09-27 12:00:00,18.58,12.0,20.0,883829383.0,0
2024-09-27 18:00:00,18.58,11.0,10.0,775747218.0,0
2024-09-28 00:00:00,18.58,10.0,10.0,910205296.4577235,1
2024-09-28 06:00:00,18.58,10.0,10.0,915012350.5,0
2024-09-28 12:00:00,18.58,10.0,10.0,928149552.0,0
2024-09-28 18:00:00,18.58,12.0,20.0,915513719.0,0
2024-09-29 00:00:00,18.58,10.0,10.0,911146969.6076506,1
2024-09-29 06:00:00,18.58,10.0,10.0,922905845.0,0
2024-09-29 12:00:00,18.58,10.0,10.0,916851016.0,0
2024-09-29 18:00:00,18.58,10.0,10.0,924444372.67,0
2024-09-30 00:00:00,18.58,10.0,10.0,911433912.8922453,1
2024-09-30 06:00:00,18.58,10.0,10.0,914623501.5,0
2024-09-30 12:00:00,18.58,12.0,20.0,900604341.5,0
2024-09-30 18:00:00,18.58,10.0,10.0,911109427.2033019,1
2024-10-01 00:00:00,18.58,10.0,10.0,916037001.0,0
2024-10-01 06:00:00,18.58,10.0,10.0,911822736.8730003,1
2024-10-01 12:00:00,18.58,11.0,10.0,907433859.0,0
2024-10-01 18:00:00,18.58,11.0,10.0,890881855.0,0
2024-10-02 00:00:00,18.58,10.0,10.0,911420391.2816472,1
2024-10-02 06:00:00,18.58,10.0,10.0,911877364.9689579,1
2024-10-02 12:00:00,18.58,10.0,10.0,913261011.0,0
2024-10-02 18:00:00,18.58,10.0,10.0,919838933.0,0
2024-10-03 00:00:00,18.58,10.0,10.0,911941178.7645497,1
2024-10-03 06:00:00,18.58,10.0,10.0,912813011.0,0
2024-10-03 12:00:00,18.58,10.0,10.0,874827131.0,0
2024-10-03 18:00:00,18.58,10.0,10.0,914250711.0,0
2024-10-04 00:00:00,18.58,10.0,10.0,911673764.561567,1
2024-10-04 06:00:00,18.58,10.0,10.0,907095409.5,0
2024-10-04 12:00:00,18.58,12.0,20.0,915935028.0,0
2024-10-04 18:00:00,18.58,10.0,10.0,925472483.5,0
2024-10-05 00:00:00,18.58,10.0,10.0,911848654.9211825,1
2024-10-05 06:00:00,18.58,12.0,20.0,922124675.0,0
2024-10-05 12:00:00,18.58,10.0,10.0,928135387.0,0
2024-10-05 18:00:00,18.58,10.0,10.0,918238943.0,0
2024-10-06 00:00:00,18.58,11.0,10.0,910320480.0,0
2024-10-06 06:00:00,18.58,10.0,10.0,911232507.844752,1
2024-10-06 12:00:00,18.58,11.0,10.0,889952153.5,0
2024-10-06 18:00:00,18.58,11.0,10.0,911840413.0,0
2024-10-07 00:00:00,18.58,10.0,10.0,911722235.1244437,1
2024-10-07 06:00:00,18.58,10.0,10.0,911781940.3308958,1
2024-10-07 12:00:00,18.58,10.0,10.0,912241175.7284045,1
2024-10-07 18:00:00,18.58,10.0,10.0,912169933.6304446,1
2024-10-08 00:00:00,18.58,10.0,10.0,912462456.1139072,1
2024-10-08 06:00:00,18.58,10.0,10.0,912459519.004435,1
2024-10-08 12:00:00,18.58,10.0,10.0,912321782.6391754,1
2024-10-08 18:00:00,18.58,10.0,10.0,912821023.4015608,1
2024-10-09 00:00:00,18.58,10.0,10.0,912765342.1479806,1
2024-10-09 06:00:00,18.58,10.0,10.0,912823367.5900992,1
2024-10-09 12:00:00,18.58,10.0,10.0,913022126.4253471,1
2024-10-09 18:00:00,18.58,10.0,10.0,912842391.6696718,1
2024-10-10 00:00:00,18.58,10.0,10.0,912664101.5830445,1
2024-10-10 06:00:00,18.58,10.0,10.0,912824185.5843334,1
2024-10-10 12:00:00,18.58,10.0,10.0,912916729.0857875,1
2024-10-10 18:00:00,18.58,10.0,10.0,912955533.8157603,1
2024-10-11 00:00:00,18.58,10.0,10.0,913387581.280751,1
2024-10-11 06:00:00,18.58,10.0,10.0,913028338.4106982,1
2024-10-11 12:00:00,18.58,10.0,10.0,912453998.290324,1
2024-10-11 18:00:00,18.58,10.0,10.0,912574510.7725914,1
2024-10-12 00:00:00,18.58,10.0,10.0,912962033.3323464,1
2024-10-12 06:00:00,18.58,10.0,10.0,913135124.764806,1
2024-10-12 12:00:00,18.58,10.0,10.0,913096111.8008397,1
2024-10-12 18:00:00,18.58,10.0,10.0,912699965.5443065,1
2024-10-13 00:00:00,18.58,10.0,10.0,912813725.1422989,1
2024-10-13 06:00:00,18.58,10.0,10.0,913181566.5834799,1
2024-10-13 12:00:00,18.58,10.0,10.0,913110397.861178,1
2024-10-13 18:00:00,18.58,10.0,10.0,912752389.3329581,1
2024-10-14 00:00:00,18.58,10.0,10.0,912250476.3906151,1
2024-10-14 06:00:00,18.58,10.0,10.0,912336556.2592775,1
2024-10-14 12:00:00,18.58,10.0,10.0,912351642.365282,1
2024-10-14 18:00:00,18.58,10.0,10.0,912833999.6977451,1
2024-10-15 00:00:00,18.58,10.0,10.0,912648618.8670875,1
2024-10-15 06:00:00,18.58,10.0,10.0,912627178.5884442,1
2024-10-15 12:00:00,18.58,12.0,20.0,897146815.0,0
2024-10-15 18:00:00,18.58,12.0,20.0,843844784.0,0
2024-10-16 00:00:00,18.58,12.0,20.0,912686569.0,0
2024-10-16 06:00:00,18.58,12.0,20.0,868747455.0,0
2024-10-16 12:00:00,18.58,10.0,10.0,911295809.7158873,1
2024-10-16 18:00:00,18.58,11.0,10.0,909087806.0,0
2024-10-17 00:00:00,18.58,11.0,20.0,923164048.0,0
2024-10-17 06:00:00,18.58,10.0,10.0,911787277.6660645,1
2024-10-17 12:00:00,18.58,11.0,20.0,902087903.0,0
2024-10-17 18:00:00,18.58,11.0,20.0,923901422.0,0
2024-10-18 00:00:00,18.58,10.0,10.0,912279055.4511358,1
2024-10-18 06:00:00,18.58,10.0,10.0,911699363.3689321,1
2024-10-18 12:00:00,18.58,11.0,20.0,902212959.0,0
2024-10-18 18:00:00,18.58,10.0,10.0,911658852.4210526,1
2024-10-19 00:00:00,18.58,11.0,10.0,926112139.0,0
2024-10-19 06:00:00,18.58,11.0,10.0,700861395.0,0
2024-10-19 12:00:00,18.58,11.0,20.0,917557942.0,0
2024-10-19 18:00:00,18.58,11.0,10.0,912282430.0,0
2024-10-20 00:00:00,18.58,11.0,10.0,908279028.0,0
2024-10-20 06:00:00,18.58,11.0,20.0,897957351.0,0
2024-10-20 12:00:00,18.58,10.0,10.0,911589514.4924937,1
2024-10-20 18:00:00,18.58,11.0,20.0,906303720.0,0
2024-10-21 00:00:00,18.58,10.0,10.0,911696161.0237811,1
2024-10-21 06:00:00,18.58,11.0,20.0,905715771.0,0
2024-10-21 12:00:00,18.58,11.0,10.0,909957028.0,0
2024-10-21 18:00:00,18.58,11.5,6.0,909893499.5,0
2024-10-22 00:00:00,18.58,13.0,10.0,912157676.0,0
2024-10-22 06:00:00,18.58,11.0,10.0,913257906.0,0
2024-10-22 12:00:00,18.58,10.0,10.0,912274438.9849143,1
2024-10-22 18:00:00,18.58,10.0,10.0,906039095.5,0
2024-10-23 00:00:00,18.58,11.0,20.0,924376933.0,0
2024-10-23 06:00:00,18.58,11.0,10.0,908435679.0,0
2024-10-23 12:00:00,18.58,11.0,20.0,907911753.0,0
2024-10-23 18:00:00,18.58,11.0,20.0,923953019.0,0
2024-10-24 00:00:00,18.58,11.0,20.0,902556036.5,0
2024-10-24 06:00:00,18.58,10.0,10.0,910839975.5954933,1
2024-10-24 12:00:00,18.58,11.0,20.0,883043531.0,0
2024-10-24 18:00:00,18.58,11.0,20.0,907588515.0,0
2024-10-25 00:00:00,18.58,10.0,10.0,912396735.7847872,1
2024-10-25 06:00:00,18.58,10.0,10.0,912058824.6855962,1
2024-10-25 12:00:00,18.58,11.0,20.0,901436192.0,0
2024-10-25 18:00:00,18.58,11.0,10.0,911586428.0,0
2024-10-26 00:00:00,18.58,11.0,10.0,924793683.0,0
2024-10-26 06:00:00,18.58,12.0,10.0,922910303.0,0
2024-10-26 12:00:00,18.58,11.0,10.0,825947127.0,0
2024-10-26 18:00:00,18.58,10.0,10.0,907756295.0226706,1
2024-10-27 00:00:00,18.58,10.0,10.0,911114395.1777978,1
2024-10-27 06:00:00,18.58,11.0,20.0,909326143.5,0
2024-10-27 12:00:00,18.58,11.0,20.0,914095853.0,0
2024-10-27 18:00:00,18.58,10.0,10.0,911972138.4861246,1
2024-10-28 00:00:00,18.58,11.0,20.0,917957527.5,0
2024-10-28 06:00:00,18.58,10.0,10.0,911528277.1139979,1
2024-10-28 12:00:00,18.58,10.0,10.0,911379585.3352854,1
2024-10-28 18:00:00,18.58,12.0,20.0,915036232.0,0
2024-10-29 00:00:00,18.58,10.0,10.0,912089669.5612031,1
2024-10-29 06:00:00,18.58,10.0,10.0,911937568.9123545,1
2024-10-29 12:00:00,18.58,11.0,20.0,917245749.5,0
2024-10-29 18:00:00,18.58,10.0,10.0,911713565.9662038,1
2024-10-30 00:00:00,18.58,10.0,10.0,911799608.3546097,1
2024-10-30 06:00:00,18.58,11.0,10.0,915879439.0,0
2024-10-30 12:00:00,18.58,11.0,10.0,712275800.5,0
2024-10-30 18:00:00,18.58,11.0,20.0,910792384.0,0
2024-10-31 00:00:00,18.58,11.0,10.0,913787083.0,0
2024-10-31 06:00:00,18.58,11.0,10.0,915673478.0,0
2024-10-31 12:00:00,18.58,11.0,10.0,720016554.0,0
2024-10-31 18:00:00,18.58,12.0,6.0,832810302.5,0
2024-11-01 00:00:00,18.58,12.0,10.0,913417659.0,0
2024-11-01 06:00:00,18.58,10.0,10.0,913348533.253066,1
2024-11-01 12:00:00,18.58,10.0,10.0,910772851.9557874,1
2024-11-01 18:00:00,18.58,10.0,10.0,911150634.5726411,1
2024-11-02 00:00:00,18.58,10.0,10.0,913732141.0,0
2024-11-02 06:00:00,18.58,10.0,10.0,912546894.3077275,1
2024-11-02 12:00:00,18.58,10.0,10.0,912485825.1813035,1
2024-11-02 18:00:00,18.58,10.0,10.0,913469996.0,0
2024-11-03 00:00:00,18.58,10.0,10.0,912942332.9014239,1
2024-11-03 06:00:00,18.58,10.0,10.0,912553235.2325879,1
2024-11-03 12:00:00,18.58,10.0,10.0,912874838.8866382,1
2024-11-03 18:00:00,18.58,10.0,10.0,913785667.0,0
2024-11-04 00:00:00,18.58,10.0,10.0,912497218.39697,1
2024-11-04 06:00:00,18.58,10.0,10.0,912041771.725575,1
2024-11-04 12:00:00,18.58,11.0,10.0,908172944.0,0
2024-11-04 18:00:00,18.58,12.0,20.0,923171849.0,0
2024-11-05 00:00:00,18.58,10.0,10.0,911944060.6949447,1
2024-11-05 06:00:00,18.58,10.0,10.0,911897492.0,0
2024-11-05 12:00:00,18.58,10.0,10.0,906542935.0,0
2024-11-05 18:00:00,18.58,10.0,10.0,911562638.5602401,1
2024-11-06 00:00:00,18.58,10.0,10.0,915022227.5,0
2024-11-06 06:00:00,18.58,10.0,10.0,912118589.0642912,1
2024-11-06 12:00:00,18.58,10.0,10.0,912001873.8868891,1
2024-11-06 18:00:00,18.58,10.0,10.0,915409411.0,0
2024-11-07 00:00:00,18.58,10.0,10.0,912553878.201353,1
2024-11-07 06:00:00,18.58,10.0,10.0,912223412.9744091,1
2024-11-07 12:00:00,18.58,10.0,10.0,912176652.4356549,1
2024-11-07 18:00:00,18.58,10.0,10.0,912407735.4267902,1
2024-11-08 00:00:00,18.58,10.0,10.0,912684403.3671806,1
2024-11-08 06:00:00,18.58,10.0,10.0,912583632.9465404,1
2024-11-08 12:00:00,18.58,10.0,10.0,912772612.605429,1
2024-11-08 18:00:00,18.58,10.0,10.0,911729716.0,0
2024-11-09 00:00:00,18.58,10.0,10.0,914412163.0,0
2024-11-09 06:00:00,18.58,10.0,10.0,868202945.0,0
2024-11-09 12:00:00,18.58,10.0,10.0,910143582.8255391,1
2024-11-09 18:00:00,18.58,10.0,10.0,911850850.2824678,1
2024-11-10 00:00:00,18.58,10.0,10.0,921548520.0,0
2024-11-10 06:00:00,18.58,10.0,10.0,918133763.5,0
2024-11-10 12:00:00,18.58,12.0,20.0,923529156.0,0
2024-11-10 18:00:00,18.58,10.0,10.0,922810659.0,0
2024-11-11 00:00:00,18.58,12.0,20.0,925895200.0,0
2024-11-11 06:00:00,18.58,10.0,10.0,910995427.0043443,1
2024-11-11 12:00:00,18.58,10.0,10.0,910389966.138434,1
2024-11-11 18:00:00,18.58,10.0,10.0,911022914.5219134,1
2024-11-12 00:00:00,18.58,10.0,10.0,911908685.6890537,1
2024-11-12 06:00:00,18.58,10.0,10.0,916778843.5,0
2024-11-12 12:00:00,18.58,10.0,10.0,905756396.0,0
2024-11-12 18:00:00,18.58,12.0,10.0,919336477.0,0
2024-11-13 00:00:00,18.58,12.0,20.0,870687693.0,0
2024-11-13 06:00:00,18.58,10.0,10.0,915408038.0,0
2024-11-13 12:00:00,18.58,10.0,10.0,911502081.5,0
2024-11-13 18:00:00,18.58,12.0,10.0,925307332.0,0
2024-11-14 00:00:00,18.58,10.0,10.0,910866789.5248505,1
2024-11-14 06:00:00,18.58,10.0,10.0,912209679.0,0
2024-11-14 12:00:00,18.58,10.0,10.0,911964102.0,0
2024-11-14 18:00:00,18.58,13.0,10.0,924111549.0,0
2024-11-15 00:00:00,18.58,10.0,10.0,912223940.5087453,1
2024-11-15 06:00:00,18.58,10.0,10.0,921334112.0,0
2024-11-15 12:00:00,18.58,10.0,10.0,911613837.6894741,1
2024-11-15 18:00:00,18.58,10.0,10.0,924843523.0,0
2024-11-16 00:00:00,18.58,10.0,10.0,926680198.0,0
2024-11-16 06:00:00,18.58,10.0,10.0,925215289.0,0
2024-11-16 12:00:00,18.58,10.0,10.0,914314117.0,0
2024-11-16 18:00:00,18.58,10.0,10.0,911284888.187436,1
2024-11-17 00:00:00,18.58,10.0,10.0,911550140.3349533,1
2024-11-17 06:00:00,18.58,10.0,10.0,912788420.0,0
2024-11-17 12:00:00,18.58,10.0,10.0,914673210.0,0
2024-11-17 18:00:00,18.58,10.0,10.0,914117881.0,0
2024-11-18 00:00:00,18.58,10.0,10.0,912052138.600427,1
2024-11-18 06:00:00,18.58,10.0,10.0,911682760.7712629,1
2024-11-18 12:00:00,18.58,12.0,10.0,912733618.0,0
2024-11-18 18:00:00,18.58,10.0,10.0,914306117.0,0
2024-11-19 00:00:00,18.58,10.0,10.0,912344131.5300032,1
2024-11-19 06:00:00,18.58,10.0,10.0,916718759.0,0
2024-11-19 12:00:00,18.58,10.0,10.0,911657274.2202624,1
2024-11-19 18:00:00,18.58,10.0,10.0,913258363.0,0
2024-11-20 00:00:00,18.58,10.0,10.0,911929229.2085916,1
2024-11-20 06:00:00,18.58,11.0,10.0,915881775.0,0
2024-11-20 12:00:00,18.58,11.0,10.0,914828896.0,0
2024-11-20 18:00:00,18.58,11.0,10.0,923375702.0,0
2024-11-21 00:00:00,18.58,10.0,10.0,911985077.9338936,1
2024-11-21 06:00:00,18.58,10.0,10.0,911038088.4546762,1
2024-11-21 12:00:00,18.58,11.0,10.0,914778937.0,0
2024-11-21 18:00:00,18.58,10.0,10.0,912050142.6262645,1
2024-11-22 00:00:00,18.58,10.0,10.0,912133864.8863062,1
2024-11-22 06:00:00,18.58,10.0,10.0,911933338.4903369,1
2024-11-22 12:00:00,18.58,10.0,10.0,912294603.8589311,1
2024-11-22 18:00:00,18.58,10.0,10.0,914412072.0,0
2024-11-23 00:00:00,18.58,10.0,10.0,912479040.8793241,1
2024-11-23 06:00:00,18.58,10.5,10.0,913205066.0,0
2024-11-23 12:00:00,18.58,11.0,10.0,912210880.0,0
2024-11-23 18:00:00,18.58,10.0,10.0,911841871.0,0
2024-11-24 00:00:00,18.58,10.0,10.0,913573986.0,0
2024-11-24 06:00:00,18.58,10.0,10.0,912296903.2939192,1
2024-11-24 12:00:00,18.58,11.0,10.0,915098909.0,0
2024-11-24 18:00:00,18.58,11.0,10.0,920732817.0,0
2024-11-25 00:00:00,18.58,11.0,10.0,914684232.0,0
2024-11-25 06:00:00,18.58,11.0,10.0,915356341.0,0
2024-11-25 12:00:00,18.58,11.0,10.0,923250591.0,0
2024-11-25 18:00:00,18.58,11.0,10.0,918932516.0,0
2024-11-26 00:00:00,18.58,10.0,10.0,911145807.2075791,1
2024-11-26 06:00:00,18.58,11.0,10.0,907949177.0,0
2024-11-26 12:00:00,18.58,13.0,10.0,912579297.0,0
2024-11-26 18:00:00,18.58,11.0,10.0,926996440.0,0
2024-11-27 00:00:00,18.58,10.0,10.0,910991798.0408074,1
2024-11-27 06:00:00,18.58,11.0,10.0,919854620.0,0
2024-11-27 12:00:00,18.58,11.0,10.0,913024129.0,0
2024-11-27 18:00:00,18.58,11.0,10.0,920417309.0,0
2024-11-28 00:00:00,18.58,10.0,10.0,911837723.3753309,1
2024-11-28 06:00:00,18.58,11.0,10.0,898948014.0,0
2024-11-28 12:00:00,18.58,11.0,10.0,914990394.0,0
2024-11-28 18:00:00,18.58,11.0,10.0,919751617.0,0
2024-11-29 00:00:00,18.58,10.0,10.0,911866151.4630969,1
2024-11-29 06:00:00,18.58,11.0,10.0,915810921.0,0
2024-11-29 12:00:00,18.58,11.0,10.0,913366052.0,0
2024-11-29 18:00:00,18.58,11.0,10.0,916494957.33,0
2024-11-30 00:00:00,18.58,10.0,10.0,911945147.1818582,1
2024-11-30 06:00:00,18.58,11.0,10.0,916194410.5,0
2024-11-30 12:00:00,18.58,10.0,20.0,926892555.0,0
2024-11-30 18:00:00,18.58,11.0,10.0,925736756.0,0
2024-12-01 00:00:00,18.58,10.0,10.0,911185506.3573189,1
2024-12-01 06:00:00,18.58,10.0,10.0,912463950.67,0
2024-12-01 12:00:00,18.58,10.0,10.0,890715243.0,0
2024-12-01 18:00:00,18.58,10.0,10.0,913913886.0,0
2024-12-02 00:00:00,18.58,10.0,10.0,911465127.1444968,1
2024-12-02 06:00:00,18.58,10.0,10.0,911197371.0622895,1
2024-12-02 12:00:00,18.58,11.0,10.0,904709699.0,0
2024-12-02 18:00:00,18.58,11.0,10.0,899315613.0,0
2024-12-03 00:00:00,18.58,10.0,10.0,905796345.0,0
2024-12-03 06:00:00,18.58,10.0,10.0,905317738.0,0
2024-12-03 12:00:00,18.58,10.0,10.0,912179557.855182,1
2024-12-03 18:00:00,18.58,11.0,10.0,918102016.0,0
2024-12-04 00:00:00,18.58,10.0,10.0,911907073.2378303,1
2024-12-04 06:00:00,18.58,11.0,10.0,919026496.5,0
2024-12-04 12:00:00,18.58,14.0,100.0,904242588.0,0
2024-12-04 18:00:00,18.58,10.0,10.0,905290944.5,0
2024-12-05 00:00:00,18.58,11.0,10.0,923715411.0,0
2024-12-05 06:00:00,18.58,11.0,10.0,908073081.0,0
2024-12-05 12:00:00,18.58,10.0,20.0,918894118.5,0
2024-12-05 18:00:00,18.58,11.0,10.0,902671614.0,0
2024-12-06 00:00:00,18.58,11.0,10.0,903133207.5,0
2024-12-06 06:00:00,18.58,10.0,10.0,916533187.5,0
2024-12-06 12:00:00,18.58,11.0,10.0,923693046.0,0
2024-12-06 18:00:00,18.58,11.0,10.0,911161252.5,0
2024-12-07 00:00:00,18.58,10.0,10.0,911229700.0,0
2024-12-07 06:00:00,18.58,11.0,10.0,921883923.0,0
2024-12-07 12:00:00,18.58,11.0,10.0,920817638.0,0
2024-12-07 18:00:00,18.58,10.0,10.0,913917126.0,0
2024-12-08 00:00:00,18.58,10.0,10.0,925056383.0,0
2024-12-08 06:00:00,18.58,11.0,10.0,911847798.0,0
2024-12-08 12:00:00,18.58,11.0,10.0,912350053.0,0
2024-12-08 18:00:00,18.58,10.0,10.0,911808520.9735678,1
2024-12-09 00:00:00,18.58,11.0,10.0,917662479.0,0
2024-12-09 06:00:00,18.58,11.0,10.0,863956133.5,0
2024-12-09 12:00:00,18.58,11.0,10.0,924426912.0,0
2024-12-09 18:00:00,18.58,11.0,10.0,911903875.0,0
2024-12-10 00:00:00,18.58,12.0,6.0,913390030.0,0
2024-12-10 06:00:00,18.58,10.0,10.0,911414304.6447506,1
2024-12-10 12:00:00,18.58,11.0,10.0,910164016.5,0
2024-12-10 18:00:00,18.58,12.0,6.0,909539961.0,0
2024-12-11 00:00:00,18.58,10.0,10.0,912062901.6726243,1
2024-12-11 06:00:00,18.58,11.0,20.0,907045769.0,0
2024-12-11 12:00:00,18.58,11.0,20.0,916509083.0,0
2024-12-11 18:00:00,18.58,12.0,20.0,913941126.0,0
2024-12-12 00:00:00,18.58,11.0,20.0,902302400.0,0
2024-12-12 06:00:00,18.58,11.0,10.0,914239361.0,0
2024-12-12 12:00:00,18.58,12.0,20.0,909044552.0,0
2024-12-12 18:00:00,18.58,11.0,20.0,909024625.0,0
2024-12-13 00:00:00,18.58,10.0,10.0,912064456.2957755,1
2024-12-13 06:00:00,18.58,12.0,10.0,889925641.5,0
2024-12-13 12:00:00,18.58,12.0,10.0,913550124.5,0
2024-12-13 18:00:00,18.58,12.0,10.0,824084860.0,0
2024-12-14 00:00:00,18.58,10.0,10.0,893644025.0,0
2024-12-14 06:00:00,18.58,10.0,10.0,911213563.0,0
2024-12-14 12:00:00,18.58,10.0,10.0,901763165.5,0
2024-12-14 18:00:00,18.58,10.0,10.0,910114770.0,0
2024-12-15 00:00:00,18.58,10.0,10.0,911979647.5420824,1
2024-12-15 06:00:00,18.58,10.0,10.0,912534162.5425826,1
2024-12-15 12:00:00,18.58,10.0,10.0,913138451.5,0
2024-12-15 18:00:00,18.58,10.0,10.0,910952654.0,0
2024-12-16 00:00:00,18.58,10.0,10.0,911744844.748106,1
2024-12-16 06:00:00,18.58,10.0,10.0,911804643.7067939,1
2024-12-16 12:00:00,18.58,11.0,10.0,910058018.0,0
2024-12-16 18:00:00,18.58,12.0,10.0,892508192.0,0
2024-12-17 00:00:00,18.58,11.0,10.0,906439800.0,0
2024-12-17 06:00:00,18.58,11.0,10.0,906411719.33,0
2024-12-17 12:00:00,18.58,14.0,100.0,907021459.0,0
2024-12-17 18:00:00,18.58,10.0,20.0,891894715.0,0
2024-12-18 00:00:00,18.58,10.0,10.0,911672120.932081,1
2024-12-18 06:00:00,18.58,11.0,10.0,909953433.0,0
2024-12-18 12:00:00,18.58,11.0,20.0,907649836.0,0
2024-12-18 18:00:00,18.58,11.0,10.0,880047716.5,0
2024-12-19 00:00:00,18.58,11.0,10.0,919603772.0,0
2024-12-19 06:00:00,18.58,10.0,10.0,911317123.4415677,1
2024-12-19 12:00:00,18.58,11.0,10.0,905206571.0,0
2024-12-19 18:00:00,18.58,11.0,10.0,900256410.5,0
2024-12-20 00:00:00,18.58,11.0,10.0,904084984.0,0
2024-12-20 06:00:00,18.58,10.0,10.0,912584326.2634625,1
2024-12-20 12:00:00,18.58,11.0,10.0,906157396.5,0
2024-12-20 18:00:00,18.58,10.0,10.0,906467849.0,0
2024-12-21 00:00:00,18.58,10.0,10.0,886940581.0,0
2024-12-21 06:00:00,18.58,10.0,10.0,899911244.0,0
2024-12-21 12:00:00,18.58,10.0,10.0,917117145.0,0
2024-12-21 18:00:00,18.58,10.0,10.0,904872278.0,0
2024-12-22 00:00:00,18.58,10.0,10.0,902535960.5,0
2024-12-22 06:00:00,18.58,10.0,10.0,904340153.0,0
2024-12-22 12:00:00,18.58,10.0,10.0,903767383.0,0
2024-12-22 18:00:00,18.58,10.0,10.0,899942826.0,0
2024-12-23 00:00:00,18.58,10.0,10.0,912069433.8707138,1
2024-12-23 06:00:00,18.58,10.0,10.0,905290263.0,0
2024-12-23 12:00:00,18.58,10.0,10.0,904391480.0,0
2024-12-23 18:00:00,18.58,10.0,10.0,818966389.5,0
2024-12-24 00:00:00,18.58,12.0,10.0,923163540.0,0
2024-12-24 06:00:00,18.58,12.0,10.0,888453691.0,0
2024-12-24 12:00:00,18.58,12.0,10.0,908416347.0,0
2024-12-24 18:00:00,18.58,11.0,20.0,909155451.0,0
2024-12-25 00:00:00,18.58,10.0,10.0,911854890.1513839,1
2024-12-25 06:00:00,18.58,11.0,10.0,918134626.67,0
2024-12-25 12:00:00,18.58,11.0,20.0,906337409.0,0
2024-12-25 18:00:00,18.58,11.0,10.0,914571233.0,0
2024-12-26 00:00:00,18.58,11.0,20.0,925219591.0,0
2024-12-26 06:00:00,18.58,11.0,10.0,913834577.0,0
2024-12-26 12:00:00,18.58,11.0,20.0,912025910.0,0
2024-12-26 18:00:00,18.58,11.0,10.0,916351986.0,0
2024-12-27 00:00:00,18.58,10.0,10.0,912022012.0832915,1
2024-12-27 06:00:00,18.58,11.0,20.0,914176406.0,0
2024-12-27 12:00:00,18.58,11.0,10.0,910009138.0,0
2024-12-27 18:00:00,18.58,11.0,10.0,897058831.0,0
2024-12-28 00:00:00,18.58,11.0,10.0,852911633.0,0
2024-12-28 06:00:00,18.58,10.0,10.0,911189348.5,0
2024-12-28 12:00:00,18.58,11.0,20.0,917570477.0,0
2024-12-28 18:00:00,18.58,11.0,10.0,891837980.0,0
2024-12-29 00:00:00,18.58,11.0,10.0,877558646.0,0
2024-12-29 06:00:00,18.58,11.0,10.0,907492298.0,0
2024-12-29 12:00:00,18.58,11.0,10.0,921287932.0,0
2024-12-29 18:00:00,18.58,11.0,10.0,885160652.0,0
2024-12-30 00:00:00,18.58,10.0,10.0,887828810.0,0
2024-12-30 06:00:00,18.58,10.0,10.0,910098763.5083743,1
2024-12-30 12:00:00,18.58,11.0,10.0,911714327.5,0
2024-12-30 18:00:00,18.58,11.0,10.0,921438555.0,0
2024-12-31 00:00:00,18.58,11.0,10.0,914572925.0,0
2024-12-31 06:00:00,18.58,10.0,10.0,911144571.8052009,1
2024-12-31 12:00:00,18.58,11.0,10.0,917998043.33,0
2024-12-31 18:00:00,18.58,11.0,10.0,917610004.0,0
2025-01-01 00:00:00,18.58,10.0,10.0,911789194.3445077,1
2025-01-01 06:00:00,18.58,10.0,10.0,911502687.3327497,1
2025-01-01 12:00:00,18.58,11.0,10.0,916141606.5,0
2025-01-01 18:00:00,18.58,11.0,10.0,914729710.0,0
2025-01-02 00:00:00,18.58,11.0,10.0,914622976.0,0
2025-01-02 06:00:00,18.58,10.0,10.0,912391092.5932931,1
2025-01-02 12:00:00,18.58,11.0,10.0,915803610.0,0
2025-01-02 18:00:00,18.58,10.0,10.0,911696893.0,0
2025-01-03 00:00:00,18.58,10.0,10.0,912463018.0152717,1
2025-01-03 06:00:00,18.58,11.0,10.0,914102663.0,0
2025-01-03 12:00:00,18.58,10.0,10.0,903649084.0,0
2025-01-03 18:00:00,18.58,11.0,10.0,912007776.0,0
2025-01-04 00:00:00,18.58,11.0,10.0,914307694.5,0
2025-01-04 06:00:00,18.58,10.0,10.0,912507270.5323633,1
2025-01-04 12:00:00,18.58,12.0,20.0,910951037.0,0
2025-01-04 18:00:00,18.58,10.0,10.0,912453613.2255266,1
2025-01-05 00:00:00,18.58,10.0,20.0,915674257.0,0
2025-01-05 06:00:00,18.58,10.0,20.0,914724816.0,0
2025-01-05 12:00:00,18.58,10.0,20.0,927153263.0,0
2025-01-05 18:00:00,18.58,10.0,20.0,914858908.5,0
2025-01-06 00:00:00,18.58,11.0,20.0,881774822.5,0
2025-01-06 06:00:00,18.58,10.0,20.0,918711102.0,0
2025-01-06 12:00:00,18.58,11.0,10.0,916321690.0,0
2025-01-06 18:00:00,18.58,10.0,20.0,909879077.0,0
2025-01-07 00:00:00,18.58,10.0,10.0,911233603.5326912,1
2025-01-07 06:00:00,18.58,11.0,20.0,914517478.0,0
2025-01-07 12:00:00,18.58,11.0,20.0,915538719.0,0
2025-01-07 18:00:00,18.58,11.0,20.0,916377149.0,0
2025-01-08 00:00:00,18.58,10.0,10.0,912209622.8727221,1
2025-01-08 06:00:00,18.58,10.0,20.0,904188436.5,0
2025-01-08 12:00:00,18.58,10.0,10.0,911849986.6767445,1
2025-01-08 18:00:00,18.58,11.0,10.0,914678150.0,0
2025-01-09 00:00:00,18.58,11.0,10.0,892916276.0,0
2025-01-09 06:00:00,18.58,10.0,10.0,909728904.33,0
2025-01-09 12:00:00,18.58,11.0,10.0,915719543.0,0
2025-01-09 18:00:00,18.58,10.0,10.0,914934668.0,0
2025-01-10 00:00:00,18.58,10.0,10.0,912503142.5654927,1
2025-01-10 06:00:00,18.58,10.0,10.0,925312631.5,0
2025-01-10 12:00:00,18.58,10.0,10.0,915586108.0,0
2025-01-10 18:00:00,18.58,10.0,10.0,915530783.0,0
2025-01-11 00:00:00,18.58,10.0,10.0,912234939.2471284,1
2025-01-11 06:00:00,18.58,12.0,20.0,916223799.5,0
2025-01-11 12:00:00,18.58,10.0,10.0,915410097.0,0
2025-01-11 18:00:00,18.58,10.0,10.0,912422177.0003042,1
2025-01-12 00:00:00,18.58,10.0,10.0,919759772.0,0
2025-01-12 06:00:00,18.58,9.0,10.0,914517044.0,0
2025-01-12 12:00:00,18.58,10.0,10.0,909380317.0,0
2025-01-12 18:00:00,18.58,11.0,20.0,909852124.0,0
2025-01-13 00:00:00,18.58,10.0,10.0,911661670.8511677,1
2025-01-13 06:00:00,18.58,11.0,20.0,911006748.0,0
2025-01-13 12:00:00,18.58,11.0,20.0,919374687.5,0
2025-01-13 18:00:00,18.58,11.0,20.0,909851624.0,0
2025-01-14 00:00:00,18.58,10.0,10.0,911276549.2146517,1
2025-01-14 06:00:00,18.58,11.0,20.0,915559088.33,0
2025-01-14 12:00:00,18.58,12.0,10.0,921490708.0,0
2025-01-14 18:00:00,18.58,11.0,10.0,909536274.0,0
2025-01-15 00:00:00,18.58,10.0,10.0,859642903.0,0
2025-01-15 06:00:00,18.58,10.0,10.0,914929045.0,0
2025-01-15 12:00:00,18.58,10.0,10.0,907206058.0,0
2025-01-15 18:00:00,18.58,10.0,10.0,911632534.6951972,1
2025-01-16 00:00:00,18.58,10.0,10.0,911875508.4385527,1
2025-01-16 06:00:00,18.58,10.0,10.0,910211636.5,0
2025-01-16 12:00:00,18.58,10.0,10.0,897059052.0,0
2025-01-16 18:00:00,18.58,10.0,10.0,911970765.3277929,1
2025-01-17 00:00:00,18.58,10.0,10.0,918605831.0,0
2025-01-17 06:00:00,18.58,10.0,10.0,912314941.0,0
2025-01-17 12:00:00,18.58,10.0,10.0,901047709.0,0
2025-01-17 18:00:00,18.58,10.0,10.0,910531880.0,0
2025-01-18 00:00:00,18.58,10.0,10.0,910192640.0,0
2025-01-18 06:00:00,18.58,10.0,10.0,906697274.0,0
2025-01-18 12:00:00,18.58,10.0,10.0,921962799.0,0
2025-01-18 18:00:00,18.58,10.0,10.0,908172309.0,0
2025-01-19 00:00:00,18.58,10.0,10.0,911523516.0,0
2025-01-19 06:00:00,18.58,10.0,10.0,918555239.0,0
2025-01-19 12:00:00,18.58,10.0,10.0,906758362.0,0
2025-01-19 18:00:00,18.58,10.0,10.0,910508332.5,0
2025-01-20 00:00:00,18.58,10.0,10.0,904402781.0,0
2025-01-20 06:00:00,18.58,10.0,10.0,912733709.0,0
2025-01-20 12:00:00,18.58,12.0,10.0,885787897.0,0
2025-01-20 18:00:00,18.58,10.0,10.0,904649938.0,0
2025-01-21 00:00:00,18.58,11.0,20.0,907603125.0,0
2025-01-21 06:00:00,18.58,11.0,20.0,921213824.0,0
2025-01-21 12:00:00,18.58,11.0,10.0,911073530.0,0
2025-01-21 18:00:00,18.58,11.0,10.0,905370735.0,0
2025-01-22 00:00:00,18.58,10.0,10.0,914936361.0,0
2025-01-22 06:00:00,18.58,11.0,10.0,905540721.0,0
2025-01-22 12:00:00,34.96,12.0,6.0,908857383.0,0
2025-01-22 18:00:00,18.58,10.0,10.0,911876235.4741422,1
2025-01-23 00:00:00,18.87,10.0,10.0,907833901.0,0
2025-01-23 06:00:00,17.99,10.0,10.0,899940846.0,0
2025-01-23 12:00:00,18.58,10.0,10.0,911933096.0163294,1
2025-01-23 18:00:00,20.85,10.0,10.0,907858305.5,0
2025-01-24 00:00:00,18.11,10.0,10.0,900998884.0,0
2025-01-24 06:00:00,18.33,10.0,10.0,914491395.5,0
2025-01-24 12:00:00,18.6,10.0,10.0,908671222.5,0
2025-01-24 18:00:00,18.58,10.0,10.0,903244920.5,0
2025-01-25 00:00:00,18.58,10.0,10.0,911768653.9024502,1
2025-01-25 06:00:00,18.58,9.0,10.0,834456359.67,0
2025-01-25 12:00:00,19.03,10.0,10.0,908557749.0,0
2025-01-25 18:00:00,22.28,11.0,10.0,911760813.0,0
2025-01-26 00:00:00,18.58,10.0,10.0,912018066.9755019,1
2025-01-26 06:00:00,19.35,10.0,10.0,886642503.0,0
2025-01-26 12:00:00,18.14,10.0,10.0,790104425.0,0
2025-01-26 18:00:00,18.91,10.0,10.0,908540219.0,0
2025-01-27 00:00:00,19.53,10.0,10.0,902987949.0,0
2025-01-27 06:00:00,25.04,11.0,20.0,893259028.5,0
2025-01-27 12:00:00,26.06,11.0,10.0,904143878.0,0
2025-01-27 18:00:00,18.58,10.0,10.0,912190507.1627524,1
2025-01-28 00:00:00,18.58,10.0,10.0,912788671.0028254,1
2025-01-28 06:00:00,19.02,10.0,10.0,908957287.0,0
2025-01-28 12:00:00,18.89,10.0,10.0,911842783.0,0
2025-01-28 18:00:00,19.51,10.0,10.0,909330608.0,0
2025-01-29 00:00:00,19.3,10.0,10.0,920540187.0,0
2025-01-29 06:00:00,18.76,10.0,10.0,908119290.0,0
2025-01-29 12:00:00,19.57,10.0,10.0,905344230.0,0
2025-01-29 18:00:00,17.96,10.0,10.0,859362028.0,0
2025-01-30 00:00:00,19.42,10.0,10.0,821718308.0,0
2025-01-30 06:00:00,24.77,11.0,10.0,749219697.0,0
2025-01-30 12:00:00,25.7,11.0,20.0,902615303.0,0
2025-01-30 18:00:00,26.13,11.0,20.0,894599463.0,0
2025-01-31 00:00:00,38.39,11.0,20.0,910323143.0,0
2025-01-31 06:00:00,18.58,10.0,10.0,911285284.0535927,1
2025-01-31 12:00:00,18.2,10.0,10.0,895853234.0,0
2025-01-31 18:00:00,24.39,12.0,20.0,865511703.0,0
2025-02-01 00:00:00,18.58,10.0,10.0,910742947.9448813,1
2025-02-01 06:00:00,19.24,10.0,10.0,891390714.0,0
2025-02-01 12:00:00,18.58,10.0,10.0,911896642.925607,1
2025-02-01 18:00:00,18.55,10.0,10.0,909224841.0,0
2025-02-02 00:00:00,18.58,10.0,10.0,912314277.2029969,1
2025-02-02 06:00:00,18.45,10.0,10.0,904032329.0,0
2025-02-02 12:00:00,18.21,10.0,10.0,907412872.0,0
2025-02-02 18:00:00,18.58,10.0,10.0,912418566.4377248,1
2025-02-03 00:00:00,19.11,10.0,10.0,914857758.0,0
2025-02-03 06:00:00,20.53,10.0,10.0,901201556.0,0
2025-02-03 12:00:00,18.58,10.0,10.0,911173248.9804164,1
2025-02-03 18:00:00,18.17,10.0,10.0,838122480.0,0
2025-02-04 00:00:00,18.58,10.0,10.0,910091030.6229196,1
2025-02-04 06:00:00,18.58,10.0,10.0,910710467.0281299,1
2025-02-04 12:00:00,19.52,10.0,10.0,847042699.0,0
2025-02-04 18:00:00,18.44,10.0,10.0,915487299.5,0
2025-02-05 00:00:00,18.58,10.0,10.0,910682112.5536464,1
2025-02-05 06:00:00,18.58,10.0,10.0,911405720.2569016,1
2025-02-05 12:00:00,18.58,10.0,10.0,911466839.9357133,1
2025-02-05 18:00:00,18.58,10.0,10.0,912091455.8229582,1
2025-02-06 00:00:00,18.58,10.0,10.0,912512950.1174135,1
2025-02-06 06:00:00,17.83,11.0,10.0,914249481.0,0
2025-02-06 12:00:00,18.58,10.0,10.0,912496470.3331994,1
2025-02-06 18:00:00,18.87,11.0,10.0,921386541.0,0
2025-02-07 00:00:00,18.84,11.0,10.0,915617112.0,0
2025-02-07 06:00:00,18.14,11.0,10.0,908068494.5,0
2025-02-07 12:00:00,17.92,11.0,10.0,914525659.0,0
2025-02-07 18:00:00,18.67,11.0,10.0,843829604.5,0
2025-02-08 00:00:00,18.58,10.0,10.0,909896612.4603164,1
2025-02-08 06:00:00,18.58,10.0,10.0,911165873.3867633,1
2025-02-08 12:00:00,23.74,11.0,10.0,884608802.0,0
2025-02-08 18:00:00,24.96,11.0,10.0,912264495.0,0
2025-02-09 00:00:00,18.58,10.0,10.0,911927956.1822196,1
2025-02-09 06:00:00,28.58,11.0,10.0,905657852.5,0
2025-02-09 12:00:00,25.7,11.0,10.0,904977136.0,0
2025-02-09 18:00:00,18.58,10.0,10.0,912370379.4412321,1
2025-02-10 00:00:00,18.58,10.0,10.0,912437506.7225025,1
2025-02-10 06:00:00,18.58,10.0,10.0,912143218.351718,1
2025-02-10 12:00:00,26.47,14.0,10.0,905027565.5,0
2025-02-10 18:00:00,18.58,10.0,10.0,911524547.7146444,1
2025-02-11 00:00:00,18.58,10.0,10.0,912182700.5404692,1
2025-02-11 06:00:00,18.58,10.0,10.0,910738499.0,0
2025-02-11 12:00:00,20.51,10.0,10.0,903978705.5,0
2025-02-11 18:00:00,18.8,10.0,10.0,896433987.0,0
2025-02-12 00:00:00,19.59,10.0,10.0,898444987.0,0
2025-02-12 06:00:00,18.58,10.0,10.0,912898386.1771584,1
2025-02-12 12:00:00,18.58,10.0,10.0,912518735.0298984,1
2025-02-12 18:00:00,18.58,10.0,10.0,912337179.1307313,1
2025-02-13 00:00:00,18.58,10.0,10.0,912546831.3476263,1
2025-02-13 06:00:00,18.58,10.0,10.0,912462814.0040015,1
2025-02-13 12:00:00,17.17,11.0,10.0,915068586.0,0
2025-02-13 18:00:00,18.58,10.0,10.0,912613814.9220594,1
2025-02-14 00:00:00,18.58,10.0,10.0,912522669.4893134,1
2025-02-14 06:00:00,18.58,10.0,10.0,912729123.4575852,1
2025-02-14 12:00:00,18.58,10.0,10.0,912616909.0336169,1
2025-02-14 18:00:00,18.58,10.0,10.0,912819700.9781613,1
2025-02-15 00:00:00,18.58,10.0,10.0,913032219.5624502,1
2025-02-15 06:00:00,18.76,11.0,10.0,851533242.0,0
2025-02-15 12:00:00,18.15,11.0,10.0,907544252.0,0
2025-02-15 18:00:00,18.35,10.0,10.0,908749435.0,0
2025-02-16 00:00:00,22.13,10.0,10.0,897977253.0,0
2025-02-16 06:00:00,20.83,10.0,10.0,904921553.33,0
2025-02-16 12:00:00,18.49,10.0,10.0,911946456.0,0
2025-02-16 18:00:00,18.58,10.0,10.0,912781612.9891218,1
2025-02-17 00:00:00,18.58,10.0,10.0,912029207.3629099,1
2025-02-17 06:00:00,18.33,10.0,10.0,898114050.0,0
2025-02-17 12:00:00,18.95,10.0,10.0,905473983.0,0
2025-02-17 18:00:00,17.37,11.0,10.0,906546972.0,0
2025-02-18 00:00:00,18.58,10.0,10.0,912366339.5553708,1
2025-02-18 06:00:00,17.68,11.0,10.0,911705496.0,0
2025-02-18 12:00:00,17.65,11.0,10.0,909587205.0,0
2025-02-18 18:00:00,18.29,11.0,10.0,903913542.0,0
2025-02-19 00:00:00,20.02,10.0,10.0,911320500.0,0
2025-02-19 06:00:00,19.38,11.0,10.0,907656358.0,0
2025-02-19 12:00:00,18.87,11.0,10.0,907963955.0,0
2025-02-19 18:00:00,18.24,11.0,10.0,910430391.0,0
2025-02-20 00:00:00,18.58,10.0,10.0,912308920.9535788,1
2025-02-20 06:00:00,19.07,10.0,10.0,890610474.0,0
2025-02-20 12:00:00,18.34,10.0,10.0,873445571.0,0
2025-02-20 18:00:00,18.58,10.0,10.0,909895214.371557,1
2025-02-21 00:00:00,18.58,10.0,10.0,912485322.3816828,1
2025-02-21 06:00:00,18.48,10.0,10.0,893912604.0,0
2025-02-21 12:00:00,18.41,10.0,10.0,910907535.0,0
2025-02-21 18:00:00,19.22,10.0,10.0,905184987.0,0
2025-02-22 00:00:00,18.73,10.0,10.0,908968775.0,0
2025-02-22 06:00:00,18.74,10.0,10.0,909483439.0,0
2025-02-22 12:00:00,18.58,10.0,10.0,910586813.0,0
2025-02-22 18:00:00,17.95,10.0,10.0,908867171.0,0
2025-02-23 00:00:00,18.58,10.0,10.0,912459543.7740834,1
2025-02-23 06:00:00,18.58,10.0,10.0,912578356.0828673,1
2025-02-23 12:00:00,17.67,10.0,10.0,905604563.5,0
2025-02-23 18:00:00,20.25,30.0,10.0,921123107.0,0
2025-02-24 00:00:00,17.65,10.0,10.0,875561310.0,0
2025-02-24 06:00:00,17.48,11.0,10.0,838792495.0,0
2025-02-24 12:00:00,17.95,10.0,10.0,873904125.5,0
2025-02-24 18:00:00,18.99,10.0,10.0,892444861.5,0
2025-02-25 00:00:00,18.58,10.0,10.0,912309027.4739006,1
2025-02-25 06:00:00,17.16,10.0,10.0,887773242.0,0
2025-02-25 12:00:00,17.3,10.0,10.0,908411009.5,0
2025-02-25 18:00:00,18.58,10.0,10.0,911928465.0843807,1
2025-02-26 00:00:00,18.58,10.0,10.0,912208256.1694202,1
2025-02-26 06:00:00,17.23,10.0,10.0,896640789.0,0
2025-02-26 12:00:00,21.25,11.0,20.0,901042528.0,0
2025-02-26 18:00:00,16.66,10.0,10.0,907646886.0,0
2025-02-27 00:00:00,16.71,10.0,10.0,904402135.0,0
2025-02-27 06:00:00,16.77,10.0,10.0,867750066.0,0
2025-02-27 12:00:00,17.67,10.0,10.0,905918186.0,0
2025-02-27 18:00:00,17.56,10.0,10.0,892464246.0,0
2025-02-28 00:00:00,17.66,10.0,10.0,904349842.0,0
2025-02-28 06:00:00,18.58,10.0,10.0,878278088.0,0
2025-02-28 12:00:00,17.77,10.0,10.0,903243863.0,0
2025-02-28 18:00:00,16.91,10.0,10.0,919131866.0,0
2025-03-01 00:00:00,18.58,10.0,10.0,912097810.5016131,1
2025-03-01 06:00:00,18.31,10.0,10.0,905358355.33,0
2025-03-01 12:00:00,19.83,10.0,10.0,905604881.0,0
2025-03-01 18:00:00,16.54,10.0,10.0,904055699.0,0
2025-03-02 00:00:00,18.58,10.0,10.0,913021650.8691307,1
2025-03-02 06:00:00,18.82,10.0,10.0,894713495.0,0
2025-03-02 12:00:00,18.58,10.0,10.0,911758468.6557281,1
2025-03-02 18:00:00,17.28,10.0,10.0,884500593.5,0
2025-03-03 00:00:00,18.58,10.0,10.0,911258082.9660618,1
2025-03-03 06:00:00,17.39,10.0,10.0,874775227.0,0
2025-03-03 12:00:00,16.85,10.0,10.0,910661149.0,0
2025-03-03 18:00:00,17.09,10.0,10.0,902929269.0,0
2025-03-04 00:00:00,18.58,10.0,10.0,911971470.5838606,1
2025-03-04 06:00:00,18.58,10.0,10.0,911687503.2427225,1
2025-03-04 12:00:00,25.78,12.0,10.0,919341720.0,0
2025-03-04 18:00:00,25.45,12.0,10.0,899155358.0,0
2025-03-05 00:00:00,18.58,10.0,10.0,911103930.3972758,1
2025-03-05 06:00:00,16.64,10.0,10.0,914515847.0,0
2025-03-05 12:00:00,18.58,10.0,10.0,911904782.7977487,1
2025-03-05 18:00:00,17.26,10.0,10.0,908698006.0,0
2025-03-06 00:00:00,16.9,10.0,10.0,907700812.0,0
2025-03-06 06:00:00,18.0,10.0,10.0,885960076.0,0
2025-03-06 12:00:00,18.58,10.0,10.0,911332186.245681,1
2025-03-06 18:00:00,18.13,10.0,10.0,890245252.0,0
2025-03-07 00:00:00,18.58,10.0,10.0,911958876.0497173,1
2025-03-07 06:00:00,17.59,10.0,10.0,902567454.0,0
2025-03-07 12:00:00,18.2,10.0,10.0,909297775.0,0
2025-03-07 18:00:00,22.2,11.0,20.0,911842551.0,0
2025-03-08 00:00:00,22.23,11.0,20.0,909038532.0,0
2025-03-08 06:00:00,18.58,10.0,10.0,912499875.4277081,1
2025-03-08 12:00:00,18.17,11.0,20.0,907364718.0,0
2025-03-08 18:00:00,17.52,10.0,10.0,907492141.0,0
2025-03-09 00:00:00,18.58,10.0,10.0,912668535.3650016,1
2025-03-09 06:00:00,16.64,9.0,10.0,913129352.5,0
2025-03-09 12:00:00,18.06,10.0,10.0,803684885.5,0
2025-03-09 18:00:00,18.71,9.5,10.0,887310246.0,0
2025-03-10 00:00:00,17.82,10.0,10.0,887815705.0,0
2025-03-10 06:00:00,16.39,10.0,10.0,907535403.0,0
2025-03-10 12:00:00,18.46,10.0,10.0,884345466.5,0
2025-03-10 18:00:00,17.73,10.0,10.0,898284051.0,0
2025-03-11 00:00:00,16.54,10.0,10.0,908555766.0,0
2025-03-11 06:00:00,16.75,10.0,10.0,910140385.5,0
2025-03-11 12:00:00,18.56,10.0,10.0,894796475.5,0
2025-03-11 18:00:00,17.57,10.0,10.0,908269604.0,0
2025-03-12 00:00:00,18.93,10.0,10.0,908958560.0,0
2025-03-12 06:00:00,17.74,10.0,10.0,901666078.0,0
2025-03-12 12:00:00,18.68,10.0,10.0,713202605.0,0
2025-03-12 18:00:00,26.04,12.0,10.0,897161984.0,0
2025-03-13 00:00:00,17.14,10.0,10.0,907700903.0,0
2025-03-13 06:00:00,17.3,10.0,10.0,909508173.0,0
2025-03-13 12:00:00,18.58,10.0,10.0,911611985.8121307,1
2025-03-13 18:00:00,18.58,10.0,10.0,911811047.1273118,1
2025-03-14 00:00:00,18.58,10.0,10.0,912961899.5430787,1
2025-03-14 06:00:00,18.58,10.0,10.0,912697703.4378526,1
2025-03-14 12:00:00,18.58,10.0,10.0,912664672.5850413,1
2025-03-14 18:00:00,17.03,10.0,10.0,905947140.5,0
2025-03-15 00:00:00,18.51,10.0,10.0,904347898.0,0
2025-03-15 06:00:00,18.58,10.0,10.0,912238120.5400137,1
2025-03-15 12:00:00,25.56,12.0,10.0,912100941.0,0
2025-03-15 18:00:00,25.41,12.0,10.0,892521956.0,0
2025-03-16 00:00:00,18.58,10.0,10.0,911625487.5822752,1
2025-03-16 06:00:00,23.16,11.0,20.0,921491030.0,0
2025-03-16 12:00:00,22.55,11.0,20.0,905336044.0,0
2025-03-16 18:00:00,22.35,11.0,20.0,893055294.0,0
2025-03-17 00:00:00,23.63,12.0,10.0,904503059.0,0
2025-03-17 06:00:00,25.04,12.0,10.0,911389283.0,0
2025-03-17 12:00:00,18.58,10.0,10.0,911986971.826729,1
2025-03-17 18:00:00,25.53,12.0,10.0,917294651.0,0
2025-03-18 00:00:00,18.58,10.0,10.0,911626501.3731002,1
2025-03-18 06:00:00,18.84,10.0,10.0,906120426.0,0
2025-03-18 12:00:00,17.71,10.0,10.0,864967315.0,0
2025-03-18 18:00:00,17.73,10.0,10.0,909327553.0,0
2025-03-19 00:00:00,18.1,10.0,10.0,907594051.5,0
2025-03-19 06:00:00,17.06,10.0,10.0,912699731.0,0
2025-03-19 12:00:00,17.63,10.0,10.0,908911993.0,0
2025-03-19 18:00:00,16.41,10.0,10.0,910537434.0,0
2025-03-20 00:00:00,17.75,10.0,10.0,907962230.0,0
2025-03-20 06:00:00,18.58,10.0,10.0,912026228.5767697,1
2025-03-20 12:00:00,17.16,9.5,10.0,905815384.0,0
2025-03-20 18:00:00,17.8,10.0,10.0,906760539.0,0
2025-03-21 00:00:00,17.28,10.0,10.0,906651737.0,0
2025-03-21 06:00:00,18.14,10.0,10.0,914884389.0,0
2025-03-21 12:00:00,39.21,12.0,10.0,897504409.0,0
2025-03-21 18:00:00,17.26,10.0,10.0,908806362.0,0
2025-03-22 00:00:00,18.34,10.0,10.0,910117045.0,0
2025-03-22 06:00:00,18.9,10.0,10.0,912209466.0,0
2025-03-22 12:00:00,18.58,10.0,10.0,912341244.4186138,1
2025-03-22 18:00:00,17.11,10.0,10.0,907830817.0,0
2025-03-23 00:00:00,16.95,10.0,10.0,907721872.0,0
2025-03-23 06:00:00,18.58,10.0,10.0,912442906.204228,1
2025-03-23 12:00:00,18.58,10.0,10.0,912641986.163808,1
2025-03-23 18:00:00,19.06,10.0,10.0,923013362.0,0
2025-03-24 00:00:00,18.58,10.0,10.0,911864220.9846561,1
2025-03-24 06:00:00,17.26,10.0,10.0,711849161.0,0
2025-03-24 12:00:00,16.44,10.0,10.0,910795578.0,0
2025-03-24 18:00:00,18.58,10.0,10.0,909809913.265167,1
2025-03-25 00:00:00,18.58,10.0,10.0,911034585.4793421,1
2025-03-25 06:00:00,18.58,10.0,10.0,911121064.2267399,1
2025-03-25 12:00:00,17.66,10.0,10.0,893836756.0,0
2025-03-25 18:00:00,31.06,10.0,10.0,901879861.0,0
2025-03-26 00:00:00,16.06,10.0,10.0,911845701.0,0
2025-03-26 06:00:00,18.98,10.0,10.0,887016960.5,0
2025-03-26 12:00:00,25.1,11.0,20.0,905042552.0,0
2025-03-26 18:00:00,20.38,10.0,10.0,910121596.0,0
2025-03-27 00:00:00,18.58,10.0,10.0,912428551.9102068,1
2025-03-27 06:00:00,18.58,10.0,10.0,912190992.0449955,1
2025-03-27 12:00:00,18.58,10.0,10.0,912180952.0931972,1
2025-03-27 18:00:00,18.58,10.0,10.0,912295723.2746776,1
2025-03-28 00:00:00,18.58,10.0,10.0,912677730.7223941,1
2025-03-28 06:00:00,18.58,10.0,10.0,912470378.7599115,1
2025-03-28 12:00:00,18.58,10.0,10.0,912746637.4979209,1
2025-03-28 18:00:00,18.58,10.0,10.0,912591792.3502501,1
2025-03-29 00:00:00,18.58,10.0,10.0,912854529.5383673,1
2025-03-29 06:00:00,18.58,10.0,10.0,912804762.8629091,1
2025-03-29 12:00:00,18.58,10.0,10.0,912978980.313676,1
2025-03-29 18:00:00,18.58,10.0,10.0,912853417.3394986,1
2025-03-30 00:00:00,18.58,10.0,10.0,912845423.3718671,1
2025-03-30 06:00:00,18.58,10.0,10.0,913196011.7354689,1
2025-03-30 12:00:00,18.58,10.0,10.0,912936899.7554843,1
2025-03-30 18:00:00,18.58,10.0,10.0,912432284.2690917,1
2025-03-31 00:00:00,18.58,10.0,10.0,912336025.5151393,1
2025-03-31 06:00:00,18.58,10.0,10.0,912174116.1787248,1
2025-03-31 12:00:00,22.06,11.0,20.0,907306541.0,0
2025-03-31 18:00:00,21.68,11.0,20.0,913704222.5,0
2025-04-01 00:00:00,18.58,10.0,10.0,912208432.9318064,1
2025-04-01 06:00:00,17.09,10.0,10.0,902743735.0,0
2025-04-01 12:00:00,16.71,10.0,10.0,873317874.0,0
2025-04-01 18:00:00,16.77,10.0,10.0,884606322.0,0
2025-04-02 00:00:00,18.58,10.0,10.0,911591045.1453792,1
2025-04-02 06:00:00,17.34,10.0,10.0,896015225.5,0
2025-04-02 12:00:00,17.64,10.0,10.0,865564776.0,0
2025-04-02 18:00:00,16.25,10.0,10.0,908412002.0,0
2025-04-03 00:00:00,18.58,10.0,10.0,912370496.9828095,1
2025-04-03 06:00:00,18.58,10.0,10.0,912187006.9107283,1
2025-04-03 12:00:00,28.71,16.0,10.0,865851823.0,0
2025-04-03 18:00:00,23.73,15.0,10.0,847461171.0,0
2025-04-04 00:00:00,36.22,12.0,6.0,894595745.0,0
2025-04-04 06:00:00,18.58,10.0,10.0,912567321.8873262,1
2025-04-04 12:00:00,22.36,11.0,20.0,912523127.0,0
2025-04-04 18:00:00,36.15,11.0,20.0,903141037.0,0
2025-04-05 00:00:00,25.58,12.0,10.0,909054209.0,0
2025-04-05 06:00:00,26.11,12.0,10.0,912893141.0,0
2025-04-05 12:00:00,21.29,11.0,20.0,762525801.0,0
2025-04-05 18:00:00,20.6,11.0,20.0,912104836.0,0
2025-04-06 00:00:00,18.58,10.0,10.0,910628694.9587966,1
2025-04-06 06:00:00,19.69,11.0,20.0,908118655.5,0
2025-04-06 12:00:00,30.36,12.0,6.0,919181353.0,0
2025-04-06 18:00:00,31.38,12.0,6.0,892148259.25,0
2025-04-07 00:00:00,18.58,10.0,10.0,910869039.5085095,1
2025-04-07 06:00:00,19.99,11.0,20.0,847511933.0,0
2025-04-07 12:00:00,23.31,13.0,10.0,897317521.0,0
2025-04-07 18:00:00,22.21,11.0,20.0,896748068.0,0
2025-04-08 00:00:00,18.58,10.0,10.0,912594636.5692158,1
2025-04-08 06:00:00,21.08,11.0,20.0,891606268.0,0
2025-04-08 12:00:00,18.58,10.0,10.0,911491226.717594,1
2025-04-08 18:00:00,25.63,11.0,20.0,802581675.0,0
2025-04-09 00:00:00,18.58,10.0,10.0,909989578.1632074,1
2025-04-09 06:00:00,18.58,10.0,10.0,910592714.7850497,1
2025-04-09 12:00:00,30.0,14.0,10.0,895537631.0,0
2025-04-09 18:00:00,18.58,10.0,10.0,911117825.633304,1
2025-04-10 00:00:00,25.67,11.0,10.0,905025266.0,0
2025-04-10 06:00:00,28.39,11.0,10.0,908699187.0,0
2025-04-10 12:00:00,23.46,12.0,10.0,907071940.5,0
2025-04-10 18:00:00,21.5,11.0,20.0,848222328.5,0
2025-04-11 00:00:00,35.37,12.0,6.0,891968893.0,0
2025-04-11 06:00:00,51.49,11.0,10.0,902941434.0,0
2025-04-11 12:00:00,22.59,11.0,10.0,907281882.5,0
2025-04-11 18:00:00,49.46,15.0,100.0,905251080.0,0
2025-04-12 00:00:00,22.13,11.0,20.0,868744564.0,0
2025-04-12 06:00:00,18.58,10.0,10.0,911240118.0707567,1
2025-04-12 12:00:00,18.58,10.0,10.0,911914401.8535612,1
2025-04-12 18:00:00,18.58,10.0,10.0,912129434.506893,1
2025-04-13 00:00:00,18.58,10.0,10.0,912498318.7372395,1
2025-04-13 06:00:00,18.58,10.0,10.0,912727668.883436,1
2025-04-13 12:00:00,18.58,10.0,10.0,912983432.11889,1
2025-04-13 18:00:00,18.58,10.0,10.0,913103497.4993834,1
2025-04-14 00:00:00,18.58,10.0,10.0,912311474.9231422,1
2025-04-14 06:00:00,18.58,10.0,10.0,911828273.5641795,1
2025-04-14 12:00:00,18.58,14.0,100.0,897526832.0,0
2025-04-14 18:00:00,33.01,12.0,6.0,906173948.0,0
2025-04-15 00:00:00,18.58,10.0,10.0,912275241.9772798,1
2025-04-15 06:00:00,18.58,10.0,10.0,911941195.9910902,1
2025-04-15 12:00:00,51.56,15.0,100.0,873549880.67,0
2025-04-15 18:00:00,34.83,12.0,100.0,918167440.0,0
2025-04-16 00:00:00,16.97,10.0,10.0,890713450.0,0
2025-04-16 06:00:00,18.58,10.0,10.0,910811284.2299752,1
2025-04-16 12:00:00,27.99,17.0,10.0,873672780.0,0
2025-04-16 18:00:00,23.79,11.0,20.0,909043806.5,0
2025-04-17 00:00:00,16.38,10.0,10.0,893335395.0,0
2025-04-17 06:00:00,15.28,10.0,10.0,907493638.0,0
2025-04-17 12:00:00,14.24,10.0,10.0,908398121.0,0
2025-04-17 18:00:00,17.05,11.0,10.0,905549328.0,0
2025-04-18 00:00:00,18.54,11.0,10.0,894942724.5,0
2025-04-18 06:00:00,52.83,15.0,100.0,889788819.0,0
2025-04-18 12:00:00,53.64,15.0,100.0,894803984.0,0
2025-04-18 18:00:00,17.14,10.0,10.0,910164969.0,0
2025-04-19 00:00:00,16.89,10.0,10.0,915644423.0,0
2025-04-19 06:00:00,18.04,10.0,10.0,851971113.0,0
2025-04-19 12:00:00,33.36,12.0,6.0,810137965.0,0
2025-04-19 18:00:00,33.7,12.0,6.0,870527534.0,0
2025-04-20 00:00:00,33.43,12.0,6.0,902143489.0,0
2025-04-20 06:00:00,18.57,12.0,20.0,904136599.0,0
2025-04-20 12:00:00,21.31,12.0,20.0,903298822.5,0
2025-04-20 18:00:00,20.98,11.0,20.0,922751912.0,0
2025-04-21 00:00:00,20.64,11.0,20.0,911214890.5,0
2025-04-21 06:00:00,18.58,10.0,10.0,910798554.7275732,1
2025-04-21 12:00:00,18.58,10.0,10.0,910905373.2726144,1
2025-04-21 18:00:00,18.58,10.0,10.0,911911206.7722144,1
2025-04-22 00:00:00,18.58,10.0,10.0,912135995.7845988,1
2025-04-22 06:00:00,18.58,10.0,10.0,911825196.4275632,1
2025-04-22 12:00:00,18.58,10.0,10.0,903348675.0,0
2025-04-22 18:00:00,18.58,11.0,20.0,864289156.0,0
2025-04-23 00:00:00,18.58,10.0,10.0,910421354.3246051,1
2025-04-23 06:00:00,18.58,10.0,10.0,911672121.8509678,1
2025-04-23 12:00:00,18.58,10.0,10.0,911838997.4946266,1
2025-04-23 18:00:00,18.58,10.0,10.0,912029212.4872229,1
2025-04-24 00:00:00,18.58,10.0,10.0,912253043.0621847,1
2025-04-24 06:00:00,18.58,10.0,10.0,912220385.4569746,1
2025-04-24 12:00:00,18.58,10.0,10.0,912345139.2684395,1
2025-04-24 18:00:00,18.58,10.0,10.0,912878214.0950546,1
2025-04-25 00:00:00,18.58,10.0,10.0,912657351.9526647,1
2025-04-25 06:00:00,18.58,10.0,10.0,912726246.6695521,1
2025-04-25 12:00:00,16.25,11.0,10.0,886730422.0,0
2025-04-25 18:00:00,18.58,10.0,10.0,911052180.0233773,1
2025-04-26 00:00:00,18.58,10.0,10.0,911566698.2701385,1
2025-04-26 06:00:00,18.58,10.0,10.0,912213138.8510933,1
2025-04-26 12:00:00,18.58,10.0,10.0,912290423.7420808,1
2025-04-26 18:00:00,18.58,10.0,10.0,912300621.9893249,1
2025-04-27 00:00:00,18.58,10.0,10.0,912856814.5122869,1
2025-04-27 06:00:00,18.58,10.0,10.0,912772798.2839559,1
2025-04-27 12:00:00,18.58,10.0,10.0,912848969.0321927,1
2025-04-27 18:00:00,18.58,10.0,10.0,913414386.0900294,1
2025-04-28 00:00:00,18.58,10.0,10.0,912479744.248013,1
2025-04-28 06:00:00,18.58,10.0,10.0,911939199.3866191,1
2025-04-28 12:00:00,18.58,10.0,10.0,912023153.4394306,1
2025-04-28 18:00:00,18.58,10.0,10.0,856424619.0,0
2025-04-29 00:00:00,18.58,10.0,10.0,909323209.0386631,1
2025-04-29 06:00:00,21.17,12.0,10.0,912260390.0,0
2025-04-29 12:00:00,21.63,12.0,10.0,900335710.5,0
2025-04-29 18:00:00,23.32,11.5,10.0,905889935.0,0
2025-04-30 00:00:00,21.33,12.0,10.0,909064554.0,0
2025-04-30 06:00:00,21.68,12.0,10.0,920285027.0,0
2025-04-30 12:00:00,22.68,11.0,10.0,909974464.0,0
2025-04-30 18:00:00,20.44,13.0,10.0,909748040.0,0
2025-05-01 00:00:00,21.54,12.0,10.0,906718430.0,0
2025-05-01 06:00:00,21.45,12.0,10.0,898166440.0,0
2025-05-01 12:00:00,21.72,12.0,10.0,909851123.0,0
2025-05-01 18:00:00,20.92,12.0,10.0,911212270.0,0
2025-05-02 00:00:00,18.58,10.0,10.0,912406610.6680338,1
2025-05-02 06:00:00,18.58,10.0,10.0,912651947.6086675,1
2025-05-02 12:00:00,24.53,11.0,10.0,913348771.0,0
2025-05-02 18:00:00,25.57,11.0,10.0,909022533.0,0
2025-05-03 00:00:00,18.58,10.0,10.0,912347225.0922698,1
2025-05-03 06:00:00,18.58,10.0,10.0,912572350.7165338,1
2025-05-03 12:00:00,17.38,10.0,10.0,853073450.5,0
2025-05-03 18:00:00,16.26,10.0,10.0,907051808.0,0
2025-05-04 00:00:00,18.58,10.0,10.0,911854615.5211182,1
2025-05-04 06:00:00,16.83,10.0,10.0,913039130.0,0
2025-05-04 12:00:00,17.35,10.0,10.0,833410871.0,0
2025-05-04 18:00:00,17.52,10.0,10.0,909277430.0,0
2025-05-05 00:00:00,18.58,10.0,10.0,911156567.9929199,1
2025-05-05 06:00:00,16.53,10.0,10.0,860989478.0,0
2025-05-05 12:00:00,15.84,10.0,10.0,711562108.0,0
2025-05-05 18:00:00,16.78,10.0,10.0,910379652.33,0
2025-05-06 00:00:00,18.58,10.0,10.0,911944199.5642589,1
2025-05-06 06:00:00,18.69,10.0,10.0,906338568.0,0
2025-05-06 12:00:00,18.58,10.0,10.0,910554923.8508555,1
2025-05-06 18:00:00,18.58,10.0,10.0,911466927.2376764,1
2025-05-07 00:00:00,18.58,10.0,10.0,912705221.1364187,1
2025-05-07 06:00:00,18.58,10.0,10.0,912345772.095636,1
2025-05-07 12:00:00,19.15,10.0,10.0,882904170.0,0
2025-05-07 18:00:00,16.79,10.0,10.0,909277088.0,0
2025-05-08 00:00:00,26.0,11.0,20.0,906390363.0,0
2025-05-08 06:00:00,18.58,10.0,10.0,911855111.1482315,1
2025-05-08 12:00:00,16.42,10.0,10.0,889523932.0,0
2025-05-08 18:00:00,18.8,10.0,10.0,908705684.0,0
2025-05-09 00:00:00,16.37,10.0,10.0,915721191.0,0
2025-05-09 06:00:00,17.87,10.0,10.0,848117680.0,0
2025-05-09 12:00:00,16.01,10.0,10.0,900990189.5,0
2025-05-09 18:00:00,16.48,10.0,10.0,891133315.5,0
2025-05-10 00:00:00,18.58,10.0,10.0,912235959.5129743,1
2025-05-10 06:00:00,18.58,10.0,10.0,912019026.6326206,1
2025-05-10 12:00:00,15.73,10.0,10.0,896768819.0,0
2025-05-10 18:00:00,16.26,10.0,10.0,893754915.0,0
2025-05-11 00:00:00,18.58,10.0,10.0,912695869.3602123,1
2025-05-11 06:00:00,16.98,10.0,10.0,913204610.0,0
2025-05-11 12:00:00,22.04,11.0,20.0,911276377.5,0
2025-05-11 18:00:00,16.03,10.0,10.0,900378505.5,0
2025-05-12 00:00:00,18.58,10.0,10.0,911167096.4122857,1
2025-05-12 06:00:00,18.08,10.0,10.0,911476328.0,0
2025-05-12 12:00:00,16.05,12.0,10.0,807980868.0,0
2025-05-12 18:00:00,16.6,10.0,10.0,910848001.0,0
2025-05-13 00:00:00,18.58,10.0,10.0,910523999.2516638,1
2025-05-13 06:00:00,17.02,10.0,10.0,791621738.0,0
2025-05-13 12:00:00,26.5,11.0,10.0,908021151.0,0
2025-05-13 18:00:00,15.36,10.0,10.0,904423136.0,0
2025-05-14 00:00:00,21.11,11.0,20.0,876665696.5,0
2025-05-14 06:00:00,16.99,10.0,10.0,921487022.0,0
2025-05-14 12:00:00,18.58,10.0,10.0,910667537.8862768,1
2025-05-14 18:00:00,15.63,10.0,10.0,895284305.0,0
2025-05-15 00:00:00,18.58,10.0,10.0,910720917.6199709,1
2025-05-15 06:00:00,16.54,10.0,10.0,788999196.0,0
2025-05-15 12:00:00,18.58,10.0,10.0,909960734.9057064,1
2025-05-15 18:00:00,17.26,10.0,10.0,806836295.0,0
2025-05-16 00:00:00,18.58,10.0,10.0,912653765.0711747,1
2025-05-16 06:00:00,18.58,10.0,10.0,910168154.2652131,1
2025-05-16 12:00:00,17.06,10.0,10.0,910687572.0,0
2025-05-16 18:00:00,22.32,12.0,10.0,894955072.0,0
2025-05-17 00:00:00,14.74,10.0,10.0,904970757.0,0
2025-05-17 06:00:00,17.01,10.0,10.0,891711393.0,0
2025-05-17 12:00:00,18.58,10.0,10.0,913084497.683615,1
2025-05-17 18:00:00,20.46,10.0,10.0,922224989.0,0
2025-05-18 00:00:00,18.58,10.0,10.0,911757851.9447293,1
2025-05-18 06:00:00,16.09,10.0,10.0,910609264.0,0
2025-05-18 12:00:00,18.58,10.0,10.0,911804214.0,0
2025-05-18 18:00:00,16.81,10.0,10.0,910900703.0,0
2025-05-19 00:00:00,18.58,10.0,10.0,911797686.3437977,1
2025-05-19 06:00:00,17.76,10.0,10.0,909680093.5,0
2025-05-19 12:00:00,18.37,10.0,10.0,876295462.0,0
2025-05-19 18:00:00,18.58,10.0,10.0,910986901.455232,1
2025-05-20 00:00:00,19.93,10.0,10.0,918942444.0,0
2025-05-20 06:00:00,17.45,10.0,10.0,903718343.0,0
2025-05-20 12:00:00,15.63,10.0,10.0,910697826.5,0
2025-05-20 18:00:00,16.01,10.0,10.0,853806252.0,0
2025-05-21 00:00:00,17.12,10.0,10.0,908858519.0,0
2025-05-21 06:00:00,17.29,10.0,10.0,907309866.5,0
2025-05-21 12:00:00,18.58,10.0,10.0,911709904.4601912,1
2025-05-21 18:00:00,13.44,10.0,10.0,898732119.5,0
2025-05-22 00:00:00,18.58,10.0,10.0,911842959.9113557,1
2025-05-22 06:00:00,17.02,10.0,10.0,905237561.0,0
2025-05-22 12:00:00,38.32,11.0,6.0,903114981.5,0
2025-05-22 18:00:00,18.58,10.0,10.0,912276930.6174285,1
2025-05-23 00:00:00,16.5,10.0,10.0,903957396.0,0
2025-05-23 06:00:00,16.72,10.0,10.0,590767836.0,0
2025-05-23 12:00:00,16.67,10.0,10.0,909637405.0,0
2025-05-23 18:00:00,16.59,10.0,10.0,900493107.67,0
2025-05-24 00:00:00,18.58,10.0,10.0,910795283.0722128,1
2025-05-24 06:00:00,16.47,10.0,10.0,910638149.0,0
2025-05-24 12:00:00,16.18,10.0,10.0,884744405.0,0
2025-05-24 18:00:00,20.73,12.0,10.0,894148525.0,0
2025-05-25 00:00:00,13.87,10.0,10.0,910491014.0,0
2025-05-25 06:00:00,18.7,10.0,10.0,869537604.0,0
2025-05-25 12:00:00,18.58,10.0,10.0,911083165.7059747,1
2025-05-25 18:00:00,16.72,10.0,10.0,905265914.5,0
2025-05-26 00:00:00,16.39,10.0,10.0,918029022.0,0
2025-05-26 06:00:00,18.58,10.0,10.0,911418217.2171824,1
2025-05-26 12:00:00,15.69,11.0,10.0,895065055.0,0
2025-05-26 18:00:00,18.58,10.0,10.0,910703592.8598996,1
2025-05-27 00:00:00,18.58,10.0,10.0,911579601.3055921,1
2025-05-27 06:00:00,16.43,10.0,10.0,910116635.0,0
2025-05-27 12:00:00,21.77,12.0,10.0,900361898.0,0
2025-05-27 18:00:00,22.39,12.0,10.0,876714711.5,0
2025-05-28 00:00:00,18.58,10.0,10.0,911159153.246816,1
2025-05-28 06:00:00,18.58,10.0,10.0,911684853.3052758,1
2025-05-28 12:00:00,18.58,10.0,10.0,911745305.9879353,1
2025-05-28 18:00:00,18.58,10.0,10.0,911941534.115023,1
2025-05-29 00:00:00,18.58,10.0,10.0,912149931.5702466,1
2025-05-29 06:00:00,18.58,10.0,10.0,912073164.5027792,1
2025-05-29 12:00:00,18.58,12.0,10.0,918762704.0,0
2025-05-29 18:00:00,15.2,10.0,10.0,910114451.0,0
2025-05-30 00:00:00,18.58,10.0,10.0,911335481.2173762,1
2025-05-30 06:00:00,16.99,10.0,10.0,812438837.0,0
2025-05-30 12:00:00,17.33,10.0,10.0,902195151.0,0
2025-05-30 18:00:00,16.3,10.0,10.0,878708533.0,0
2025-05-31 00:00:00,16.57,11.0,10.0,909961395.0,0
2025-05-31 06:00:00,16.82,10.0,10.0,906704165.0,0
2025-05-31 12:00:00,16.38,10.0,10.0,905013208.0,0
2025-05-31 18:00:00,16.56,10.0,10.0,909715381.0,0
2025-06-01 00:00:00,16.93,10.0,10.0,905603703.0,0
2025-06-01 06:00:00,16.93,10.0,10.0,912193676.0,0
2025-06-01 12:00:00,16.72,10.0,10.0,905395389.5,0
2025-06-01 18:00:00,16.29,10.0,10.0,892238894.0,0
2025-06-02 00:00:00,16.29,10.0,10.0,917060003.5,0
2025-06-02 06:00:00,21.38,12.0,10.0,908539402.0,0
2025-06-02 12:00:00,15.81,10.0,10.0,904448925.5,0
2025-06-02 18:00:00,16.95,10.0,10.0,908098943.5,0
2025-06-03 00:00:00,18.58,10.0,10.0,912402622.6164178,1
2025-06-03 06:00:00,17.73,10.0,10.0,900677462.0,0
2025-06-03 12:00:00,17.85,10.0,10.0,904975688.0,0
2025-06-03 18:00:00,16.18,10.0,10.0,914572194.0,0
2025-06-04 00:00:00,18.58,10.0,10.0,912427201.9046112,1
2025-06-04 06:00:00,16.74,10.0,10.0,911854563.0,0
2025-06-04 12:00:00,16.22,10.0,10.0,875851679.5,0
2025-06-04 18:00:00,16.22,10.0,10.0,908175896.0,0
2025-06-05 00:00:00,20.91,12.0,10.0,920125670.0,0
2025-06-05 06:00:00,18.58,10.0,10.0,911891460.0546125,1
2025-06-05 12:00:00,16.87,10.0,10.0,905992596.0,0
2025-06-05 18:00:00,20.48,12.0,10.0,908542672.0,0
2025-06-06 00:00:00,16.22,10.0,10.0,902246181.0,0
2025-06-06 06:00:00,16.68,10.0,10.0,914734420.0,0
2025-06-06 12:00:00,17.23,10.0,10.0,911689508.0,0
2025-06-06 18:00:00,17.16,10.0,10.0,921594321.0,0
2025-06-07 00:00:00,18.58,10.0,10.0,911923311.6432633,1
2025-06-07 06:00:00,18.58,10.0,10.0,911584656.8288504,1
2025-06-07 12:00:00,16.06,10.0,10.0,908594420.0,0
2025-06-07 18:00:00,15.84,10.0,10.0,911112651.0,0
2025-06-08 00:00:00,21.6,12.0,10.0,909432920.0,0
2025-06-08 06:00:00,15.98,10.0,10.0,911894027.0,0
2025-06-08 12:00:00,20.17,12.0,10.0,903481701.0,0
2025-06-08 18:00:00,15.76,10.0,10.0,911052251.0,0
2025-06-09 00:00:00,18.58,10.0,10.0,911632315.7922333,1
2025-06-09 06:00:00,16.7,10.0,10.0,910165809.5,0
2025-06-09 12:00:00,16.82,10.0,10.0,905997571.0,0
2025-06-09 18:00:00,16.03,10.0,10.0,909693950.5,0
2025-06-10 00:00:00,18.58,10.0,10.0,912012823.9140769,1
2025-06-10 06:00:00,17.17,10.0,10.0,916458631.0,0
2025-06-10 12:00:00,22.93,11.0,10.0,914858654.0,0
2025-06-10 18:00:00,21.12,11.0,10.0,899999620.0,0
2025-06-11 00:00:00,20.37,12.0,10.0,911162210.0,0
2025-06-11 06:00:00,18.58,10.0,10.0,911598664.9223508,1
2025-06-11 12:00:00,18.19,10.0,10.0,899206361.0,0
2025-06-11 18:00:00,18.23,10.0,10.0,904712594.0,0
2025-06-12 00:00:00,18.58,10.0,10.0,912324347.9906399,1
2025-06-12 06:00:00,23.68,10.0,10.0,893780773.0,0
2025-06-12 12:00:00,21.94,11.0,10.0,870437924.0,0
2025-06-12 18:00:00,18.28,11.0,10.0,890953833.0,0
2025-06-13 00:00:00,18.58,10.0,10.0,912111922.1489019,1
2025-06-13 06:00:00,15.63,10.0,10.0,907336063.0,0
2025-06-13 12:00:00,16.82,10.0,10.0,900159868.0,0
2025-06-13 18:00:00,16.67,11.0,10.0,902107203.0,0
2025-06-14 00:00:00,18.58,10.0,10.0,912647938.1178769,1
2025-06-14 06:00:00,17.63,10.0,10.0,913310626.5,0
2025-06-14 12:00:00,15.53,10.0,10.0,908959060.0,0
2025-06-14 18:00:00,15.34,10.0,10.0,907281926.0,0
2025-06-15 00:00:00,16.07,10.0,10.0,909327289.0,0
2025-06-15 06:00:00,17.95,10.0,10.0,911316945.0,0
2025-06-15 12:00:00,16.12,10.0,10.0,893490001.0,0
2025-06-15 18:00:00,15.76,10.0,10.0,910429207.0,0
2025-06-16 00:00:00,18.58,10.0,10.0,911886022.8597528,1
2025-06-16 06:00:00,16.45,10.0,10.0,910794267.0,0
2025-06-16 12:00:00,18.58,10.0,10.0,911570559.3426694,1
2025-06-16 18:00:00,15.1,10.0,10.0,908120153.0,0
2025-06-17 00:00:00,18.58,10.0,10.0,911950682.3505106,1
2025-06-17 06:00:00,20.67,10.0,20.0,874505038.0,0
2025-06-17 12:00:00,16.97,11.0,10.0,921448092.0,0
2025-06-17 18:00:00,18.58,10.0,10.0,910724006.583533,1
2025-06-18 00:00:00,18.58,10.0,10.0,910864267.2701741,1
2025-06-18 06:00:00,16.02,11.0,10.0,908542082.0,0
2025-06-18 12:00:00,18.58,10.0,10.0,911783895.1266026,1
2025-06-18 18:00:00,16.24,11.0,10.0,874646649.0,0
2025-06-19 00:00:00,16.1,11.0,10.0,911583465.0,0
2025-06-19 06:00:00,18.58,10.0,10.0,911484499.747211,1
2025-06-19 12:00:00,18.8,11.0,10.0,902629193.5,0
2025-06-19 18:00:00,17.36,11.0,10.0,912945707.0,0
2025-06-20 00:00:00,17.29,11.0,10.0,911474368.0,0
2025-06-20 06:00:00,17.05,11.0,10.0,847762902.0,0
2025-06-20 12:00:00,16.59,11.0,10.0,916224530.0,0
2025-06-20 18:00:00,17.17,11.0,10.0,909901278.0,0
2025-06-21 00:00:00,18.58,10.0,10.0,911306109.7910924,1
2025-06-21 06:00:00,18.58,10.0,10.0,911724319.1750231,1
2025-06-21 12:00:00,18.58,10.0,10.0,912069841.3556569,1
2025-06-21 18:00:00,15.56,11.0,10.0,856202144.0,0
2025-06-22 00:00:00,18.58,10.0,10.0,910117582.2969713,1
2025-06-22 06:00:00,16.02,11.0,10.0,910375503.0,0
2025-06-22 12:00:00,15.97,11.0,10.0,906471495.0,0
2025-06-22 18:00:00,18.81,11.0,10.0,895311261.0,0
2025-06-23 00:00:00,18.58,10.0,10.0,911198058.4727161,1
2025-06-23 06:00:00,16.88,11.0,10.0,912790473.0,0
2025-06-23 12:00:00,16.42,11.0,10.0,908562583.0,0
2025-06-23 18:00:00,21.31,10.0,20.0,863315930.0,0
2025-06-24 00:00:00,18.58,10.0,10.0,910203521.415872,1
2025-06-24 06:00:00,18.81,11.0,10.0,911715971.5,0
2025-06-24 12:00:00,15.14,11.0,10.0,822652613.0,0
2025-06-24 18:00:00,21.81,10.0,20.0,892269179.5,0
2025-06-25 00:00:00,18.58,10.0,10.0,910245011.6850322,1
2025-06-25 06:00:00,16.72,11.0,10.0,911163714.0,0
2025-06-25 12:00:00,18.58,10.0,10.0,911313627.5264401,1
2025-06-25 18:00:00,16.32,11.0,10.0,908439041.0,0
2025-06-26 00:00:00,18.58,10.0,10.0,912232604.7841161,1
2025-06-26 06:00:00,18.58,10.0,10.0,911877746.959701,1
2025-06-26 12:00:00,16.04,11.0,10.0,911398232.5,0
2025-06-26 18:00:00,18.58,10.0,10.0,911915567.2106236,1
2025-06-27 00:00:00,18.1,11.0,10.0,911478698.0,0
2025-06-27 06:00:00,16.03,11.0,10.0,882328113.0,0
2025-06-27 12:00:00,18.58,10.0,10.0,910773418.0458713,1
2025-06-27 18:00:00,18.58,11.0,10.0,911582644.0,0
2025-06-28 00:00:00,18.58,10.0,10.0,912084912.2171102,1
2025-06-28 06:00:00,16.57,11.0,10.0,912104563.0,0
2025-06-28 12:00:00,16.55,11.0,10.0,901406059.0,0
2025-06-28 18:00:00,18.58,10.0,10.0,911641139.9638762,1
2025-06-29 00:00:00,17.24,11.0,10.0,899837384.0,0
2025-06-29 06:00:00,17.93,11.0,10.0,905340880.0,0
2025-06-29 12:00:00,16.71,11.0,10.0,911668373.0,0
2025-06-29 18:00:00,15.94,11.0,10.0,912215487.0,0
2025-06-30 00:00:00,18.58,10.0,10.0,911749127.508559,1
2025-06-30 06:00:00,16.82,11.0,10.0,897007523.0,0
2025-06-30 12:00:00,15.35,11.0,10.0,901618839.0,0
2025-06-30 18:00:00,16.3,11.0,10.0,916324378.5,0
2025-07-01 00:00:00,15.46,11.0,10.0,899023309.5,0
2025-07-01 06:00:00,16.92,11.0,10.0,910373182.0,0
2025-07-01 12:00:00,15.23,11.0,10.0,899521236.0,0
2025-07-01 18:00:00,15.35,11.0,10.0,910793408.5,0
2025-07-02 00:00:00,15.35,11.0,10.0,910356293.0,0
2025-07-02 06:00:00,17.31,11.0,10.0,911581232.0,0
2025-07-02 12:00:00,16.06,11.0,10.0,911527679.0,0
2025-07-02 18:00:00,15.56,11.0,10.0,905079505.0,0
2025-07-03 00:00:00,22.25,10.0,20.0,911266795.0,0
2025-07-03 06:00:00,16.2,11.0,10.0,907175934.0,0
2025-07-03 12:00:00,16.21,11.0,10.0,867592866.0,0
2025-07-03 18:00:00,15.2,11.0,10.0,770859991.0,0
2025-07-04 00:00:00,18.58,10.0,10.0,911182283.1837176,1
2025-07-04 06:00:00,18.58,10.0,10.0,912267030.6225655,1
2025-07-04 12:00:00,15.95,11.0,10.0,911218284.0,0
2025-07-04 18:00:00,19.35,11.0,10.0,889139263.0,0
2025-07-05 00:00:00,18.58,10.0,10.0,910861237.7565234,1
2025-07-05 06:00:00,18.58,10.0,10.0,911812962.893732,1
2025-07-05 12:00:00,51.72,14.0,100.0,898160063.0,0
2025-07-05 18:00:00,16.46,11.0,10.0,912002266.5,0
2025-07-06 00:00:00,18.58,10.0,10.0,912562021.9108105,1
2025-07-06 06:00:00,54.18,14.0,100.0,902563822.0,0
2025-07-06 12:00:00,14.53,10.0,20.0,908694825.0,0
2025-07-06 18:00:00,21.16,10.0,20.0,909595028.0,0
2025-07-07 00:00:00,18.58,10.0,10.0,912059843.7446823,1
2025-07-07 06:00:00,18.58,10.0,10.0,912058781.1756418,1
2025-07-07 12:00:00,18.1,11.0,10.0,842952269.0,0
2025-07-07 18:00:00,18.58,10.0,10.0,909422873.7181268,1
2025-07-08 00:00:00,18.58,10.0,10.0,911409302.7579705,1
2025-07-08 06:00:00,18.58,10.0,10.0,911298242.7457309,1
2025-07-08 12:00:00,18.58,10.0,10.0,911402646.4827156,1
2025-07-08 18:00:00,14.89,11.0,10.0,922438533.0,0
2025-07-09 00:00:00,18.58,10.0,10.0,911907070.5117632,1
2025-07-09 06:00:00,18.58,10.0,10.0,911204344.7003902,1
2025-07-09 12:00:00,35.25,14.0,100.0,879361699.0,0
2025-07-09 18:00:00,18.58,10.0,10.0,910468266.0879881,1
2025-07-10 00:00:00,18.58,10.0,10.0,912108684.472673,1
2025-07-10 06:00:00,18.58,10.0,10.0,911815919.3735216,1
2025-07-10 12:00:00,14.88,11.0,10.0,910165167.5,0
2025-07-10 18:00:00,18.58,10.0,10.0,912131768.2031982,1
2025-07-11 00:00:00,18.58,10.0,10.0,912403993.8504441,1
2025-07-11 06:00:00,18.58,10.0,10.0,912705195.1138783,1
2025-07-11 12:00:00,21.47,11.0,10.0,908330186.0,0
2025-07-11 18:00:00,15.97,11.0,10.0,906240145.0,0
2025-07-12 00:00:00,18.58,10.0,10.0,912098697.5150985,1
2025-07-12 06:00:00,18.58,10.0,10.0,912386700.4154121,1
2025-07-12 12:00:00,19.8,11.0,10.0,906181150.5,0
2025-07-12 18:00:00,18.58,10.0,10.0,911941286.6722,1
2025-07-13 00:00:00,18.58,10.0,10.0,912435497.3400353,1
2025-07-13 06:00:00,15.82,11.0,10.0,661338338.0,0
2025-07-13 12:00:00,15.81,11.0,10.0,910006090.0,0
2025-07-13 18:00:00,15.65,11.0,10.0,920126590.0,0
2025-07-14 00:00:00,15.35,11.0,10.0,917032324.0,0
2025-07-14 06:00:00,15.91,11.0,10.0,908698071.0,0
2025-07-14 12:00:00,18.58,10.0,10.0,910102761.4228905,1
2025-07-14 18:00:00,18.58,10.0,10.0,912167179.891854,1
2025-07-15 00:00:00,18.58,10.0,10.0,911829991.5703712,1
2025-07-15 06:00:00,18.58,10.0,10.0,911909432.8410398,1
2025-07-15 12:00:00,16.44,11.0,10.0,894068773.0,0
2025-07-15 18:00:00,17.12,11.0,10.0,887831385.0,0
2025-07-16 00:00:00,18.58,10.0,10.0,911621027.8460367,1
2025-07-16 06:00:00,18.58,10.0,10.0,912111445.8946339,1
2025-07-16 12:00:00,24.72,14.0,10.0,910128291.5,0
2025-07-16 18:00:00,15.21,11.0,10.0,906811789.0,0
2025-07-17 00:00:00,18.58,10.0,10.0,911761071.2882751,1
2025-07-17 06:00:00,16.56,11.0,10.0,776009087.0,0
2025-07-17 12:00:00,36.61,15.0,10.0,838607629.0,0
2025-07-17 18:00:00,15.29,11.0,10.0,911662022.0,0
2025-07-18 00:00:00,15.45,11.0,10.0,907493139.0,0
2025-07-18 06:00:00,18.58,11.0,10.0,910744558.0,0
2025-07-18 12:00:00,16.31,11.0,10.0,910428388.0,0
2025-07-18 18:00:00,16.87,11.0,10.0,910426521.0,0
2025-07-19 00:00:00,18.58,10.0,10.0,912548854.6643709,1
2025-07-19 06:00:00,16.97,11.0,10.0,908295332.0,0
2025-07-19 12:00:00,15.91,11.0,10.0,909907874.0,0
2025-07-19 18:00:00,16.12,11.0,10.0,912571155.5,0
2025-07-20 00:00:00,18.58,10.0,10.0,912592009.1300466,1
2025-07-20 06:00:00,17.19,11.0,10.0,898469659.0,0
2025-07-20 12:00:00,34.83,11.0,10.0,903399764.5,0
2025-07-20 18:00:00,15.21,11.0,10.0,916955085.0,0
2025-07-21 00:00:00,18.58,10.0,10.0,911419711.4100397,1
2025-07-21 06:00:00,16.41,11.0,10.0,905867252.0,0
2025-07-21 12:00:00,17.91,11.0,10.0,899524196.0,0
